"2016-11-21 09:57:54,101",I,R,Rule,Input size,Input area,Automaton size,Concat before,Estimator,Training sets,Testing sets,Distractor period,Point (success),R1 correct,R1 wrong bits,R2 correct,R2 wrong bits
"2016-11-21 09:58:16,519",4,4,54,4,40,40,True,LinearRegression,32,32,200,0,18,16,22,12
"2016-11-21 09:58:41,709",4,4,54,4,40,40,True,LinearRegression,32,32,200,0,14,27,13,32
"2016-11-21 09:59:04,364",4,4,54,4,40,40,True,LinearRegression,32,32,200,0,16,19,26,6
"2016-11-21 09:59:29,984",4,4,54,4,40,40,True,LinearRegression,32,32,200,0,19,18,22,13
"2016-11-21 09:59:53,391",4,4,54,4,40,40,True,LinearRegression,32,32,200,0,10,25,16,17
"2016-11-21 10:00:16,542",4,4,54,4,40,40,True,LinearRegression,32,32,200,0,18,14,21,11
"2016-11-21 10:00:39,967",4,4,54,4,40,40,True,LinearRegression,32,32,200,0,15,22,19,15
"2016-11-21 10:01:02,809",4,4,54,4,40,40,True,LinearRegression,32,32,200,0,11,32,15,27
"2016-11-21 10:01:26,250",4,4,54,4,40,40,True,LinearRegression,32,32,200,0,8,40,9,36
"2016-11-21 10:01:51,697",4,4,54,4,40,40,True,LinearRegression,32,32,200,0,15,28,17,22
"2016-11-21 10:02:16,933",4,4,54,4,40,40,True,LinearRegression,32,32,200,0,14,20,23,10
"2016-11-21 10:02:39,367",4,4,54,4,40,40,True,LinearRegression,32,32,200,0,7,40,27,5
"2016-11-21 10:03:07,407",4,4,54,4,40,40,True,LinearRegression,32,32,200,0,17,25,22,15
"2016-11-21 10:03:30,204",4,4,54,4,40,40,True,LinearRegression,32,32,200,0,25,8,25,7
"2016-11-21 10:03:53,183",4,4,54,4,40,40,True,LinearRegression,32,32,200,0,14,24,14,21
"2016-11-21 10:04:16,257",4,4,54,4,40,40,True,LinearRegression,32,32,200,0,23,16,27,6
"2016-11-21 10:04:39,230",4,4,54,4,40,40,True,LinearRegression,32,32,200,0,12,28,12,28
"2016-11-21 10:05:02,131",4,4,54,4,40,40,True,LinearRegression,32,32,200,0,9,40,7,50
"2016-11-21 10:05:24,387",4,4,54,4,40,40,True,LinearRegression,32,32,200,0,17,17,20,14
"2016-11-21 10:05:50,996",4,4,54,4,40,40,True,LinearRegression,32,32,200,0,9,43,25,7
"2016-11-21 10:06:13,342",4,4,54,4,40,40,True,LinearRegression,32,32,200,0,20,14,20,13
"2016-11-21 10:06:36,601",4,4,54,4,40,40,True,LinearRegression,32,32,200,0,16,20,22,11
"2016-11-21 10:07:00,757",4,4,54,4,40,40,True,LinearRegression,32,32,200,0,11,36,10,40
"2016-11-21 10:07:22,993",4,4,54,4,40,40,True,LinearRegression,32,32,200,0,20,22,26,12
"2016-11-21 10:07:47,855",4,4,54,4,40,40,True,LinearRegression,32,32,200,0,10,31,11,29
"2016-11-21 10:08:15,092",4,4,54,4,40,40,True,LinearRegression,32,32,200,0,20,14,24,8
"2016-11-21 10:08:40,223",4,4,54,4,40,40,True,LinearRegression,32,32,200,0,23,9,25,7
"2016-11-21 10:09:08,769",4,4,54,4,40,40,True,LinearRegression,32,32,200,0,15,25,15,25
"2016-11-21 10:09:30,066",4,4,54,4,40,40,True,LinearRegression,32,32,200,0,22,11,25,7
"2016-11-21 10:09:52,433",4,4,54,4,40,40,True,LinearRegression,32,32,200,0,17,20,27,5
"2016-11-21 10:10:15,342",4,4,54,4,40,40,True,LinearRegression,32,32,200,0,15,17,17,15
"2016-11-21 10:10:37,357",4,4,54,4,40,40,True,LinearRegression,32,32,200,0,12,26,21,12
"2016-11-21 10:10:58,785",4,4,54,4,40,40,True,LinearRegression,32,32,200,0,14,32,13,40
"2016-11-21 10:11:23,467",4,4,54,4,40,40,True,LinearRegression,32,32,200,0,8,37,4,48
"2016-11-21 10:11:46,887",4,4,54,4,40,40,True,LinearRegression,32,32,200,0,12,28,16,18
"2016-11-21 10:12:11,398",4,4,54,4,40,40,True,LinearRegression,32,32,200,0,18,20,18,19
"2016-11-21 10:12:33,516",4,4,54,4,40,40,True,LinearRegression,32,32,200,0,21,11,23,9
"2016-11-21 10:12:55,746",4,4,54,4,40,40,True,LinearRegression,32,32,200,0,13,28,17,24
"2016-11-21 10:13:19,747",4,4,54,4,40,40,True,LinearRegression,32,32,200,0,23,10,26,6
"2016-11-21 10:13:42,382",4,4,54,4,40,40,True,LinearRegression,32,32,200,0,6,45,20,19
"2016-11-21 10:14:07,403",4,4,54,4,40,40,True,LinearRegression,32,32,200,0,15,26,17,19
"2016-11-21 10:14:32,812",4,4,54,4,40,40,True,LinearRegression,32,32,200,0,22,10,24,8
"2016-11-21 10:14:59,266",4,4,54,4,40,40,True,LinearRegression,32,32,200,0,17,18,25,7
"2016-11-21 10:15:22,085",4,4,54,4,40,40,True,LinearRegression,32,32,200,0,11,29,22,12
"2016-11-21 10:15:44,338",4,4,54,4,40,40,True,LinearRegression,32,32,200,0,23,10,27,5
"2016-11-21 10:16:12,115",4,4,54,4,40,40,True,LinearRegression,32,32,200,0,3,67,16,20
"2016-11-21 10:16:33,739",4,4,54,4,40,40,True,LinearRegression,32,32,200,0,17,16,24,8
"2016-11-21 10:16:55,098",4,4,54,4,40,40,True,LinearRegression,32,32,200,0,4,54,4,56
"2016-11-21 10:17:25,109",4,4,54,4,40,40,True,LinearRegression,32,32,200,0,23,10,25,8
"2016-11-21 10:17:47,201",4,4,54,4,40,40,True,LinearRegression,32,32,200,0,17,18,23,9
"2016-11-21 10:18:08,305",4,4,54,4,40,40,True,LinearRegression,32,32,200,0,9,35,6,45
"2016-11-21 10:18:29,573",4,4,54,4,40,40,True,LinearRegression,32,32,200,0,20,12,20,12
"2016-11-21 10:18:53,565",4,4,54,4,40,40,True,LinearRegression,32,32,200,0,7,38,9,38
"2016-11-21 10:19:21,750",4,4,54,4,40,40,True,LinearRegression,32,32,200,0,15,27,18,24
"2016-11-21 10:19:43,421",4,4,54,4,40,40,True,LinearRegression,32,32,200,0,14,23,15,22
"2016-11-21 10:20:05,862",4,4,54,4,40,40,True,LinearRegression,32,32,200,0,15,25,17,15
"2016-11-21 10:20:32,056",4,4,54,4,40,40,True,LinearRegression,32,32,200,0,17,19,17,18
"2016-11-21 10:20:53,730",4,4,54,4,40,40,True,LinearRegression,32,32,200,0,16,40,17,32
"2016-11-21 10:21:15,711",4,4,54,4,40,40,True,LinearRegression,32,32,200,0,19,20,19,20
"2016-11-21 10:21:39,436",4,4,54,4,40,40,True,LinearRegression,32,32,200,0,17,18,21,11
"2016-11-21 10:22:01,542",4,4,54,4,40,40,True,LinearRegression,32,32,200,0,18,17,20,13
"2016-11-21 10:22:23,967",4,4,54,4,40,40,True,LinearRegression,32,32,200,0,23,10,27,6
"2016-11-21 10:22:49,359",4,4,54,4,40,40,True,LinearRegression,32,32,200,0,16,19,26,7
"2016-11-21 10:23:12,415",4,4,54,4,40,40,True,LinearRegression,32,32,200,0,13,29,14,28
"2016-11-21 10:23:36,553",4,4,54,4,40,40,True,LinearRegression,32,32,200,0,6,45,4,57
"2016-11-21 10:23:58,492",4,4,54,4,40,40,True,LinearRegression,32,32,200,0,13,32,12,31
"2016-11-21 10:24:20,344",4,4,54,4,40,40,True,LinearRegression,32,32,200,0,14,23,14,23
"2016-11-21 10:24:44,427",4,4,54,4,40,40,True,LinearRegression,32,32,200,0,11,34,16,24
"2016-11-21 10:25:06,658",4,4,54,4,40,40,True,LinearRegression,32,32,200,0,3,62,19,15
"2016-11-21 10:25:30,072",4,4,54,4,40,40,True,LinearRegression,32,32,200,0,16,21,15,22
"2016-11-21 10:25:54,084",4,4,54,4,40,40,True,LinearRegression,32,32,200,0,12,28,14,27
"2016-11-21 10:26:15,743",4,4,54,4,40,40,True,LinearRegression,32,32,200,0,19,18,19,18
"2016-11-21 10:26:37,601",4,4,54,4,40,40,True,LinearRegression,32,32,200,0,20,14,23,10
"2016-11-21 10:27:01,818",4,4,54,4,40,40,True,LinearRegression,32,32,200,0,7,42,3,67
"2016-11-21 10:27:23,954",4,4,54,4,40,40,True,LinearRegression,32,32,200,0,17,23,27,6
"2016-11-21 10:27:48,046",4,4,54,4,40,40,True,LinearRegression,32,32,200,0,5,50,19,17
"2016-11-21 10:28:12,759",4,4,54,4,40,40,True,LinearRegression,32,32,200,0,18,18,15,19
"2016-11-21 10:28:36,463",4,4,54,4,40,40,True,LinearRegression,32,32,200,0,11,31,10,34
"2016-11-21 10:28:59,263",4,4,54,4,40,40,True,LinearRegression,32,32,200,0,13,27,27,5
"2016-11-21 10:29:20,983",4,4,54,4,40,40,True,LinearRegression,32,32,200,0,12,27,18,17
"2016-11-21 10:29:44,023",4,4,54,4,40,40,True,LinearRegression,32,32,200,0,16,18,30,2
"2016-11-21 10:30:09,108",4,4,54,4,40,40,True,LinearRegression,32,32,200,0,11,30,23,11
"2016-11-21 10:30:31,493",4,4,54,4,40,40,True,LinearRegression,32,32,200,0,21,11,27,5
"2016-11-21 10:30:54,042",4,4,54,4,40,40,True,LinearRegression,32,32,200,0,23,10,23,10
"2016-11-21 10:31:17,993",4,4,54,4,40,40,True,LinearRegression,32,32,200,0,28,4,30,2
"2016-11-21 10:31:46,684",4,4,54,4,40,40,True,LinearRegression,32,32,200,0,9,41,9,39
"2016-11-21 10:32:08,996",4,4,54,4,40,40,True,LinearRegression,32,32,200,0,9,35,6,53
"2016-11-21 10:32:32,194",4,4,54,4,40,40,True,LinearRegression,32,32,200,0,19,13,18,14
"2016-11-21 10:32:56,535",,,,,,,,LinAlgError occured: Skipping this run,,,,,,,,
"2016-11-21 10:33:20,279",4,4,54,4,40,40,True,LinearRegression,32,32,200,0,13,27,18,17
"2016-11-21 10:33:42,328",4,4,54,4,40,40,True,LinearRegression,32,32,200,0,8,34,9,31
"2016-11-21 10:34:04,884",4,4,54,4,40,40,True,LinearRegression,32,32,200,0,17,21,25,7
"2016-11-21 10:34:27,433",4,4,54,4,40,40,True,LinearRegression,32,32,200,0,17,18,19,14
"2016-11-21 10:34:54,753",4,4,54,4,40,40,True,LinearRegression,32,32,200,0,18,18,22,12
"2016-11-21 10:35:20,970",4,4,54,4,40,40,True,LinearRegression,32,32,200,0,13,25,13,25
"2016-11-21 10:35:44,581",4,4,54,4,40,40,True,LinearRegression,32,32,200,0,16,22,24,9
"2016-11-21 10:36:06,392",4,4,54,4,40,40,True,LinearRegression,32,32,200,0,6,58,19,14
"2016-11-21 10:36:34,664",4,4,54,4,40,40,True,LinearRegression,32,32,200,0,16,20,24,8
"2016-11-21 10:36:56,901",4,4,54,4,40,40,True,LinearRegression,32,32,200,0,16,22,19,19
"2016-11-21 10:37:20,996",4,4,54,4,40,40,True,LinearRegression,32,32,200,0,13,33,17,21
"2016-11-21 10:37:47,220",4,4,54,4,40,40,True,LinearRegression,32,32,200,0,17,21,23,10
"2016-11-21 10:38:14,611",4,4,54,4,40,40,True,LinearRegression,32,32,200,0,22,12,26,6
"2016-11-21 10:38:43,443",4,4,54,4,40,40,True,LinearRegression,32,32,200,0,18,20,25,7
"2016-11-21 10:39:10,727",4,4,54,4,40,40,True,LinearRegression,32,32,200,0,14,23,12,26
"2016-11-21 10:39:32,354",4,4,54,4,40,40,True,LinearRegression,32,32,200,0,25,13,23,13
"2016-11-21 10:39:55,244",4,4,54,4,40,40,True,LinearRegression,32,32,200,0,19,13,19,13
"2016-11-21 10:40:18,801",4,4,54,4,40,40,True,LinearRegression,32,32,200,0,14,29,13,31
"2016-11-21 10:40:42,687",4,4,54,4,40,40,True,LinearRegression,32,32,200,0,14,27,16,21
"2016-11-21 10:41:07,290",4,4,54,4,40,40,True,LinearRegression,32,32,200,0,19,14,19,13
"2016-11-21 10:41:29,479",4,4,54,4,40,40,True,LinearRegression,32,32,200,0,15,23,28,4
"2016-11-21 10:41:55,065",4,4,54,4,40,40,True,LinearRegression,32,32,200,0,14,31,14,27
"2016-11-21 10:42:16,213",4,4,54,4,40,40,True,LinearRegression,32,32,200,0,18,18,22,12
"2016-11-21 10:42:40,134",4,4,54,4,40,40,True,LinearRegression,32,32,200,0,9,42,5,49
"2016-11-21 10:43:04,355",4,4,54,4,40,40,True,LinearRegression,32,32,200,0,8,44,16,22
"2016-11-21 10:43:28,395",4,4,54,4,40,40,True,LinearRegression,32,32,200,0,23,12,25,8
"2016-11-21 10:43:50,691",4,4,54,4,40,40,True,LinearRegression,32,32,200,0,16,25,13,30
"2016-11-21 10:44:13,019",4,4,54,4,40,40,True,LinearRegression,32,32,200,0,16,22,17,21
"2016-11-21 10:44:36,270",4,4,54,4,40,40,True,LinearRegression,32,32,200,0,10,34,10,32
"2016-11-21 10:44:59,680",4,4,54,4,40,40,True,LinearRegression,32,32,200,0,8,44,10,35
"2016-11-21 10:45:22,516",4,4,54,4,40,40,True,LinearRegression,32,32,200,0,25,8,26,6
"2016-11-21 10:45:45,502",4,4,54,4,40,40,True,LinearRegression,32,32,200,0,15,26,14,36
"2016-11-21 10:46:06,680",4,4,54,4,40,40,True,LinearRegression,32,32,200,0,11,30,29,3
"2016-11-21 10:46:30,187",4,4,54,4,40,40,True,LinearRegression,32,32,200,0,10,40,12,33
"2016-11-21 10:46:54,045",4,4,54,4,40,40,True,LinearRegression,32,32,200,0,12,30,11,35
"2016-11-21 10:47:16,684",4,4,54,4,40,40,True,LinearRegression,32,32,200,0,8,40,24,10
"2016-11-21 10:47:40,635",4,4,54,4,40,40,True,LinearRegression,32,32,200,0,10,55,17,28
"2016-11-21 10:48:03,612",4,4,54,4,40,40,True,LinearRegression,32,32,200,0,10,34,10,41
"2016-11-21 10:48:27,253",4,4,54,4,40,40,True,LinearRegression,32,32,200,0,10,40,23,11
"2016-11-21 10:48:50,451",4,4,54,4,40,40,True,LinearRegression,32,32,200,0,17,22,27,5
"2016-11-21 10:49:14,311",4,4,54,4,40,40,True,LinearRegression,32,32,200,0,11,28,17,16
"2016-11-21 10:49:37,140",4,4,54,4,40,40,True,LinearRegression,32,32,200,0,10,34,7,42
"2016-11-21 10:50:00,421",4,4,54,4,40,40,True,LinearRegression,32,32,200,0,15,22,14,21
"2016-11-21 10:50:24,532",4,4,54,4,40,40,True,LinearRegression,32,32,200,0,19,18,26,6
"2016-11-21 10:50:47,803",4,4,54,4,40,40,True,LinearRegression,32,32,200,0,16,22,16,20
"2016-11-21 10:51:10,759",4,4,54,4,40,40,True,LinearRegression,32,32,200,0,16,21,16,23
"2016-11-21 10:51:34,691",4,4,54,4,40,40,True,LinearRegression,32,32,200,0,23,11,24,10
"2016-11-21 10:51:58,411",4,4,54,4,40,40,True,LinearRegression,32,32,200,0,17,20,20,14
"2016-11-21 10:52:21,963",4,4,54,4,40,40,True,LinearRegression,32,32,200,0,14,26,23,10
"2016-11-21 10:52:44,178",4,4,54,4,40,40,True,LinearRegression,32,32,200,0,26,7,27,6
"2016-11-21 10:53:09,382",4,4,54,4,40,40,True,LinearRegression,32,32,200,0,16,19,18,16
"2016-11-21 10:53:34,970",4,4,54,4,40,40,True,LinearRegression,32,32,200,0,6,43,11,27
"2016-11-21 10:54:00,105",4,4,54,4,40,40,True,LinearRegression,32,32,200,0,24,10,28,5
"2016-11-21 10:54:24,473",4,4,54,4,40,40,True,LinearRegression,32,32,200,0,15,24,13,34
"2016-11-21 10:54:49,772",4,4,54,4,40,40,True,LinearRegression,32,32,200,0,4,66,16,22
"2016-11-21 10:55:12,894",4,4,54,4,40,40,True,LinearRegression,32,32,200,0,14,24,22,12
"2016-11-21 10:55:38,361",4,4,54,4,40,40,True,LinearRegression,32,32,200,0,10,46,15,24
"2016-11-21 10:56:02,148",4,4,54,4,40,40,True,LinearRegression,32,32,200,0,13,25,19,18
"2016-11-21 10:56:25,108",4,4,54,4,40,40,True,LinearRegression,32,32,200,0,13,22,21,11
"2016-11-21 10:56:51,148",4,4,54,4,40,40,True,LinearRegression,32,32,200,0,18,19,19,17
"2016-11-21 10:57:13,549",4,4,54,4,40,40,True,LinearRegression,32,32,200,0,7,53,21,15
"2016-11-21 10:57:37,966",4,4,54,4,40,40,True,LinearRegression,32,32,200,0,12,34,19,19
"2016-11-21 10:58:03,555",4,4,54,4,40,40,True,LinearRegression,32,32,200,0,7,49,5,53
"2016-11-21 10:58:29,165",4,4,54,4,40,40,True,LinearRegression,32,32,200,0,15,28,27,5
"2016-11-21 10:58:52,046",4,4,54,4,40,40,True,LinearRegression,32,32,200,0,20,12,21,11
"2016-11-21 10:59:17,549",4,4,54,4,40,40,True,LinearRegression,32,32,200,0,12,37,15,34
"2016-11-21 10:59:40,526",4,4,54,4,40,40,True,LinearRegression,32,32,200,0,21,12,28,4
"2016-11-21 11:00:05,880",4,4,54,4,40,40,True,LinearRegression,32,32,200,0,10,37,18,25
"2016-11-21 11:00:31,219",4,4,54,4,40,40,True,LinearRegression,32,32,200,0,17,19,17,17
"2016-11-21 11:00:55,720",4,4,54,4,40,40,True,LinearRegression,32,32,200,0,20,20,23,14
"2016-11-21 11:01:21,016",4,4,54,4,40,40,True,LinearRegression,32,32,200,0,6,45,15,18
"2016-11-21 11:01:44,773",4,4,54,4,40,40,True,LinearRegression,32,32,200,0,7,44,6,58
"2016-11-21 11:02:09,888",4,4,54,4,40,40,True,LinearRegression,32,32,200,0,15,19,18,14
"2016-11-21 11:02:33,612",4,4,54,4,40,40,True,LinearRegression,32,32,200,0,17,22,23,9
"2016-11-21 11:02:57,608",4,4,54,4,40,40,True,LinearRegression,32,32,200,0,8,31,9,29
"2016-11-21 11:03:21,887",4,4,54,4,40,40,True,LinearRegression,32,32,200,0,16,21,25,8
"2016-11-21 11:03:48,453",4,4,54,4,40,40,True,LinearRegression,32,32,200,0,14,27,27,5
"2016-11-21 11:04:07,607",4,4,54,4,40,40,True,LinearRegression,32,32,200,0,11,30,11,30
"2016-11-21 09:58:06,730",4,4,54,4,40,40,True,LinearRegression,32,32,200,0,17,18,27,5
"2016-11-21 09:58:32,038",4,4,54,4,40,40,True,LinearRegression,32,32,200,0,17,20,19,16
"2016-11-21 09:58:54,710",4,4,54,4,40,40,True,LinearRegression,32,32,200,0,16,19,19,15
"2016-11-21 09:59:19,644",4,4,54,4,40,40,True,LinearRegression,32,32,200,0,15,28,15,27
"2016-11-21 09:59:41,930",4,4,54,4,40,40,True,LinearRegression,32,32,200,0,18,23,19,21
"2016-11-21 10:00:04,203",4,4,54,4,40,40,True,LinearRegression,32,32,200,0,19,16,27,5
"2016-11-21 10:00:26,296",4,4,54,4,40,40,True,LinearRegression,32,32,200,0,13,37,23,12
"2016-11-21 10:00:48,861",4,4,54,4,40,40,True,LinearRegression,32,32,200,0,10,45,22,11
"2016-11-21 10:01:09,950",4,4,54,4,40,40,True,LinearRegression,32,32,200,0,10,34,8,42
"2016-11-21 10:01:31,862",4,4,54,4,40,40,True,LinearRegression,32,32,200,0,9,43,22,12
"2016-11-21 10:01:56,980",4,4,54,4,40,40,True,LinearRegression,32,32,200,0,12,32,12,32
"2016-11-21 10:02:20,296",4,4,54,4,40,40,True,LinearRegression,32,32,200,0,12,27,15,26
"2016-11-21 10:02:42,546",4,4,54,4,40,40,True,LinearRegression,32,32,200,0,14,20,18,15
"2016-11-21 10:03:08,676",4,4,54,4,40,40,True,LinearRegression,32,32,200,0,18,16,23,9
"2016-11-21 10:03:31,242",4,4,54,4,40,40,True,LinearRegression,32,32,200,0,17,18,21,12
"2016-11-21 10:03:53,002",4,4,54,4,40,40,True,LinearRegression,32,32,200,0,22,13,24,10
"2016-11-21 10:04:14,815",4,4,54,4,40,40,True,LinearRegression,32,32,200,0,14,25,28,4
"2016-11-21 10:04:37,038",4,4,54,4,40,40,True,LinearRegression,32,32,200,0,10,33,7,43
"2016-11-21 10:04:58,940",4,4,54,4,40,40,True,LinearRegression,32,32,200,0,14,23,19,14
"2016-11-21 10:05:20,882",4,4,54,4,40,40,True,LinearRegression,32,32,200,0,7,45,10,34
"2016-11-21 10:05:44,651",4,4,54,4,40,40,True,LinearRegression,32,32,200,0,15,26,21,13
"2016-11-21 10:06:10,086",4,4,54,4,40,40,True,LinearRegression,32,32,200,0,16,16,24,8
"2016-11-21 10:06:32,148",4,4,54,4,40,40,True,LinearRegression,32,32,200,0,16,17,22,11
"2016-11-21 10:06:54,253",4,4,54,4,40,40,True,LinearRegression,32,32,200,0,18,18,21,14
"2016-11-21 10:07:18,012",4,4,54,4,40,40,True,LinearRegression,32,32,200,0,12,32,20,14
"2016-11-21 10:07:40,950",4,4,54,4,40,40,True,LinearRegression,32,32,200,0,15,27,16,26
"2016-11-21 10:08:10,934",4,4,54,4,40,40,True,LinearRegression,32,32,200,0,7,48,6,50
"2016-11-21 10:08:34,753",4,4,54,4,40,40,True,LinearRegression,32,32,200,0,13,27,20,14
"2016-11-21 10:09:00,516",4,4,54,4,40,40,True,LinearRegression,32,32,200,0,12,34,11,32
"2016-11-21 10:09:25,799",4,4,54,4,40,40,True,LinearRegression,32,32,200,0,16,21,18,17
"2016-11-21 10:09:47,861",4,4,54,4,40,40,True,LinearRegression,32,32,200,0,17,18,26,7
"2016-11-21 10:10:09,852",4,4,54,4,40,40,True,LinearRegression,32,32,200,0,14,23,14,24
"2016-11-21 10:10:32,650",4,4,54,4,40,40,True,LinearRegression,32,32,200,0,16,20,11,25
"2016-11-21 10:10:55,815",4,4,54,4,40,40,True,LinearRegression,32,32,200,0,12,29,12,31
"2016-11-21 10:11:18,230",4,4,54,4,40,40,True,LinearRegression,32,32,200,0,14,35,26,6
"2016-11-21 10:11:43,530",4,4,54,4,40,40,True,LinearRegression,32,32,200,0,14,23,26,6
"2016-11-21 10:12:05,305",4,4,54,4,40,40,True,LinearRegression,32,32,200,0,11,37,16,19
"2016-11-21 10:12:29,250",4,4,54,4,40,40,True,LinearRegression,32,32,200,0,20,12,20,13
"2016-11-21 10:12:51,292",4,4,54,4,40,40,True,LinearRegression,32,32,200,0,20,13,22,11
"2016-11-21 10:13:13,667",4,4,54,4,40,40,True,LinearRegression,32,32,200,0,17,26,17,26
"2016-11-21 10:13:37,033",4,4,54,4,40,40,True,LinearRegression,32,32,200,0,24,12,25,11
"2016-11-21 10:14:01,707",4,4,54,4,40,40,True,LinearRegression,32,32,200,0,12,26,15,19
"2016-11-21 10:14:25,644",4,4,54,4,40,40,True,LinearRegression,32,32,200,0,12,21,14,19
"2016-11-21 10:14:54,293",4,4,54,4,40,40,True,LinearRegression,32,32,200,0,13,27,23,9
"2016-11-21 10:15:16,214",4,4,54,4,40,40,True,LinearRegression,32,32,200,0,17,18,20,13
"2016-11-21 10:15:38,473",4,4,54,4,40,40,True,LinearRegression,32,32,200,0,19,15,19,15
"2016-11-21 10:16:04,365",4,4,54,4,40,40,True,LinearRegression,32,32,200,0,9,51,9,51
"2016-11-21 10:16:26,546",4,4,54,4,40,40,True,LinearRegression,32,32,200,0,10,34,7,49
"2016-11-21 10:16:48,102",4,4,54,4,40,40,True,LinearRegression,32,32,200,0,23,10,26,6
"2016-11-21 10:17:15,921",4,4,54,4,40,40,True,LinearRegression,32,32,200,0,23,10,28,4
"2016-11-21 10:17:39,986",4,4,54,4,40,40,True,LinearRegression,32,32,200,0,12,28,10,34
"2016-11-21 10:18:02,348",4,4,54,4,40,40,True,LinearRegression,32,32,200,0,22,13,18,15
"2016-11-21 10:18:24,357",4,4,54,4,40,40,True,LinearRegression,32,32,200,0,22,11,23,9
"2016-11-21 10:18:46,454",4,4,54,4,40,40,True,LinearRegression,32,32,200,0,13,36,21,13
"2016-11-21 10:19:16,065",4,4,54,4,40,40,True,LinearRegression,32,32,200,0,7,39,7,39
"2016-11-21 10:19:38,516",4,4,54,4,40,40,True,LinearRegression,32,32,200,0,18,21,14,25
"2016-11-21 10:20:00,890",4,4,54,4,40,40,True,LinearRegression,32,32,200,0,18,17,24,10
"2016-11-21 10:20:26,831",4,4,54,4,40,40,True,LinearRegression,32,32,200,0,17,18,23,10
"2016-11-21 10:20:49,105",4,4,54,4,40,40,True,LinearRegression,32,32,200,0,20,14,17,19
"2016-11-21 10:21:11,240",4,4,54,4,40,40,True,LinearRegression,32,32,200,0,11,33,9,43
"2016-11-21 10:21:35,694",4,4,54,4,40,40,True,LinearRegression,32,32,200,0,21,11,23,9
"2016-11-21 10:21:57,948",4,4,54,4,40,40,True,LinearRegression,32,32,200,0,16,26,20,15
"2016-11-21 10:22:20,184",4,4,54,4,40,40,True,LinearRegression,32,32,200,0,13,29,15,20
"2016-11-21 10:22:44,782",4,4,54,4,40,40,True,LinearRegression,32,32,200,0,18,20,18,19
"2016-11-21 10:23:07,377",4,4,54,4,40,40,True,LinearRegression,32,32,200,0,15,23,13,21
"2016-11-21 10:23:31,467",4,4,54,4,40,40,True,LinearRegression,32,32,200,0,10,35,8,40
"2016-11-21 10:23:53,701",4,4,54,4,40,40,True,LinearRegression,32,32,200,0,18,24,16,40
"2016-11-21 10:24:15,687",4,4,54,4,40,40,True,LinearRegression,32,32,200,0,14,24,18,17
"2016-11-21 10:24:36,642",4,4,54,4,40,40,True,LinearRegression,32,32,200,0,11,35,23,9
"2016-11-21 10:25:00,882",4,4,54,4,40,40,True,LinearRegression,32,32,200,0,14,22,12,22
"2016-11-21 10:25:24,671",4,4,54,4,40,40,True,LinearRegression,32,32,200,0,15,33,27,6
"2016-11-21 10:25:47,517",4,4,54,4,40,40,True,LinearRegression,32,32,200,0,18,24,17,28
"2016-11-21 10:26:11,147",4,4,54,4,40,40,True,LinearRegression,32,32,200,0,9,39,8,45
"2016-11-21 10:26:33,020",4,4,54,4,40,40,True,LinearRegression,32,32,200,0,8,44,9,43
"2016-11-21 10:26:57,637",4,4,54,4,40,40,True,LinearRegression,32,32,200,0,11,30,19,15
"2016-11-21 10:27:18,815",4,4,54,4,40,40,True,LinearRegression,32,32,200,0,15,22,21,12
"2016-11-21 10:27:42,015",4,4,54,4,40,40,True,LinearRegression,32,32,200,0,11,36,11,34
"2016-11-21 10:28:08,092",4,4,54,4,40,40,True,LinearRegression,32,32,200,0,12,30,20,14
"2016-11-21 10:28:32,542",4,4,54,4,40,40,True,LinearRegression,32,32,200,0,12,44,13,51
"2016-11-21 10:28:55,312",4,4,54,4,40,40,True,LinearRegression,32,32,200,0,14,20,23,9
"2016-11-21 10:29:17,101",4,4,54,4,40,40,True,LinearRegression,32,32,200,0,18,19,19,17
"2016-11-21 10:29:38,963",4,4,54,4,40,40,True,LinearRegression,32,32,200,0,19,14,19,14
"2016-11-21 10:30:04,005",4,4,54,4,40,40,True,LinearRegression,32,32,200,0,13,31,23,12
"2016-11-21 10:30:27,641",4,4,54,4,40,40,True,LinearRegression,32,32,200,0,18,15,24,9
"2016-11-21 10:30:50,122",4,4,54,4,40,40,True,LinearRegression,32,32,200,0,17,22,15,30
"2016-11-21 10:31:13,877",4,4,54,4,40,40,True,LinearRegression,32,32,200,0,15,22,17,18
"2016-11-21 10:31:41,835",4,4,54,4,40,40,True,LinearRegression,32,32,200,0,17,25,16,29
"2016-11-21 10:32:05,989",4,4,54,4,40,40,True,LinearRegression,32,32,200,0,13,27,12,32
"2016-11-21 10:32:28,792",4,4,54,4,40,40,True,LinearRegression,32,32,200,0,19,14,25,7
"2016-11-21 10:32:52,897",4,4,54,4,40,40,True,LinearRegression,32,32,200,0,7,41,5,45
"2016-11-21 10:33:16,200",4,4,54,4,40,40,True,LinearRegression,32,32,200,0,15,22,16,21
"2016-11-21 10:33:39,881",4,4,54,4,40,40,True,LinearRegression,32,32,200,0,9,48,10,36
"2016-11-21 10:34:02,375",4,4,54,4,40,40,True,LinearRegression,32,32,200,0,18,17,19,15
"2016-11-21 10:34:25,622",4,4,54,4,40,40,True,LinearRegression,32,32,200,0,7,39,5,50
"2016-11-21 10:34:51,378",4,4,54,4,40,40,True,LinearRegression,32,32,200,0,15,20,14,20
"2016-11-21 10:35:18,243",4,4,54,4,40,40,True,LinearRegression,32,32,200,0,8,41,12,33
"2016-11-21 10:35:40,608",4,4,54,4,40,40,True,LinearRegression,32,32,200,0,12,25,13,23
"2016-11-21 10:36:04,515",4,4,54,4,40,40,True,LinearRegression,32,32,200,0,9,30,12,27
"2016-11-21 10:36:31,732",4,4,54,4,40,40,True,LinearRegression,32,32,200,0,14,25,7,37
"2016-11-21 10:36:54,627",4,4,54,4,40,40,True,LinearRegression,32,32,200,0,10,39,10,39
"2016-11-21 10:37:19,217",4,4,54,4,40,40,True,LinearRegression,32,32,200,0,21,11,21,11
"2016-11-21 10:37:46,401",4,4,54,4,40,40,True,LinearRegression,32,32,200,0,17,18,17,18
"2016-11-21 10:38:13,147",4,4,54,4,40,40,True,LinearRegression,32,32,200,0,8,40,8,38
"2016-11-21 10:38:39,809",4,4,54,4,40,40,True,LinearRegression,32,32,200,0,7,45,6,43
"2016-11-21 10:39:08,723",4,4,54,4,40,40,True,LinearRegression,32,32,200,0,14,25,17,22
"2016-11-21 10:39:30,874",4,4,54,4,40,40,True,LinearRegression,32,32,200,0,10,28,9,31
"2016-11-21 10:39:55,375",4,4,54,4,40,40,True,LinearRegression,32,32,200,0,18,17,17,17
"2016-11-21 10:40:17,762",4,4,54,4,40,40,True,LinearRegression,32,32,200,0,11,33,7,46
"2016-11-21 10:40:40,858",4,4,54,4,40,40,True,LinearRegression,32,32,200,0,19,19,21,11
"2016-11-21 10:41:04,322",4,4,54,4,40,40,True,LinearRegression,32,32,200,0,16,20,19,15
"2016-11-21 10:41:26,009",4,4,54,4,40,40,True,LinearRegression,32,32,200,0,19,15,25,7
"2016-11-21 10:41:52,530",4,4,54,4,40,40,True,LinearRegression,32,32,200,0,12,31,23,10
"2016-11-21 10:42:15,051",4,4,54,4,40,40,True,LinearRegression,32,32,200,0,18,23,17,23
"2016-11-21 10:42:39,151",4,4,54,4,40,40,True,LinearRegression,32,32,200,0,4,58,11,31
"2016-11-21 10:43:01,898",4,4,54,4,40,40,True,LinearRegression,32,32,200,0,17,17,21,12
"2016-11-21 10:43:24,145",4,4,54,4,40,40,True,LinearRegression,32,32,200,0,10,35,21,11
"2016-11-21 10:43:47,605",4,4,54,4,40,40,True,LinearRegression,32,32,200,0,19,14,21,13
"2016-11-21 10:44:09,615",4,4,54,4,40,40,True,LinearRegression,32,32,200,0,13,27,11,31
"2016-11-21 10:44:32,338",4,4,54,4,40,40,True,LinearRegression,32,32,200,0,14,29,21,12
"2016-11-21 10:44:58,109",4,4,54,4,40,40,True,LinearRegression,32,32,200,0,8,38,5,55
"2016-11-21 10:45:21,342",4,4,54,4,40,40,True,LinearRegression,32,32,200,0,17,20,20,14
"2016-11-21 10:45:44,115",4,4,54,4,40,40,True,LinearRegression,32,32,200,0,10,36,16,20
"2016-11-21 10:46:05,295",4,4,54,4,40,40,True,LinearRegression,32,32,200,0,12,35,13,38
"2016-11-21 10:46:28,388",4,4,54,4,40,40,True,LinearRegression,32,32,200,0,9,35,9,35
"2016-11-21 10:46:52,427",4,4,54,4,40,40,True,LinearRegression,32,32,200,0,21,13,30,2
"2016-11-21 10:47:15,492",4,4,54,4,40,40,True,LinearRegression,32,32,200,0,17,18,17,17
"2016-11-21 10:47:39,073",4,4,54,4,40,40,True,LinearRegression,32,32,200,0,19,16,23,10
"2016-11-21 10:48:03,928",4,4,54,4,40,40,True,LinearRegression,32,32,200,0,9,33,9,35
"2016-11-21 10:48:26,058",4,4,54,4,40,40,True,LinearRegression,32,32,200,0,13,24,16,20
"2016-11-21 10:48:50,938",4,4,54,4,40,40,True,LinearRegression,32,32,200,0,21,12,25,8
"2016-11-21 10:49:14,505",4,4,54,4,40,40,True,LinearRegression,32,32,200,0,12,34,10,44
"2016-11-21 10:49:38,453",4,4,54,4,40,40,True,LinearRegression,32,32,200,0,22,13,21,13
"2016-11-21 10:50:01,459",4,4,54,4,40,40,True,LinearRegression,32,32,200,0,15,23,17,19
"2016-11-21 10:50:24,269",4,4,54,4,40,40,True,LinearRegression,32,32,200,0,18,20,26,6
"2016-11-21 10:50:48,960",4,4,54,4,40,40,True,LinearRegression,32,32,200,0,10,36,11,32
"2016-11-21 10:51:13,282",4,4,54,4,40,40,True,LinearRegression,32,32,200,0,11,25,19,13
"2016-11-21 10:51:36,411",4,4,54,4,40,40,True,LinearRegression,32,32,200,0,24,9,26,7
"2016-11-21 10:51:58,572",4,4,54,4,40,40,True,LinearRegression,32,32,200,0,19,18,24,8
"2016-11-21 10:52:22,089",4,4,54,4,40,40,True,LinearRegression,32,32,200,0,16,18,24,8
"2016-11-21 10:52:45,493",4,4,54,4,40,40,True,LinearRegression,32,32,200,0,11,32,24,9
"2016-11-21 10:53:10,510",4,4,54,4,40,40,True,LinearRegression,32,32,200,0,12,27,13,25
"2016-11-21 10:53:36,233",4,4,54,4,40,40,True,LinearRegression,32,32,200,0,19,18,21,14
"2016-11-21 10:54:00,374",4,4,54,4,40,40,True,LinearRegression,32,32,200,0,17,26,15,38
"2016-11-21 10:54:25,845",4,4,54,4,40,40,True,LinearRegression,32,32,200,0,12,24,21,11
"2016-11-21 10:54:51,348",4,4,54,4,40,40,True,LinearRegression,32,32,200,0,13,22,18,15
"2016-11-21 10:55:16,032",4,4,54,4,40,40,True,LinearRegression,32,32,200,0,8,46,21,13
"2016-11-21 10:55:42,187",4,4,54,4,40,40,True,LinearRegression,32,32,200,0,16,22,23,11
"2016-11-21 10:56:06,196",4,4,54,4,40,40,True,LinearRegression,32,32,200,0,8,34,16,20
"2016-11-21 10:56:29,259",4,4,54,4,40,40,True,LinearRegression,32,32,200,0,15,22,16,20
"2016-11-21 10:56:55,099",4,4,54,4,40,40,True,LinearRegression,32,32,200,0,14,30,23,10
"2016-11-21 10:57:19,283",4,4,54,4,40,40,True,LinearRegression,32,32,200,0,22,12,27,5
"2016-11-21 10:57:44,276",4,4,54,4,40,40,True,LinearRegression,32,32,200,0,11,29,17,20
"2016-11-21 10:58:08,198",4,4,54,4,40,40,True,LinearRegression,32,32,200,0,9,36,8,44
"2016-11-21 10:58:32,947",4,4,54,4,40,40,True,LinearRegression,32,32,200,0,8,43,7,39
"2016-11-21 10:58:55,085",4,4,54,4,40,40,True,LinearRegression,32,32,200,0,19,17,21,12
"2016-11-21 10:59:21,148",4,4,54,4,40,40,True,LinearRegression,32,32,200,0,18,15,18,15
"2016-11-21 10:59:45,967",4,4,54,4,40,40,True,LinearRegression,32,32,200,0,15,20,12,24
"2016-11-21 11:00:09,683",4,4,54,4,40,40,True,LinearRegression,32,32,200,0,16,20,16,16
"2016-11-21 11:00:35,398",4,4,54,4,40,40,True,LinearRegression,32,32,200,0,9,35,4,66
"2016-11-21 11:00:58,755",4,4,54,4,40,40,True,LinearRegression,32,32,200,0,3,75,3,75
"2016-11-21 11:01:24,766",4,4,54,4,40,40,True,LinearRegression,32,32,200,0,13,28,13,28
"2016-11-21 11:01:48,713",4,4,54,4,40,40,True,LinearRegression,32,32,200,0,10,30,23,9
"2016-11-21 11:02:13,910",4,4,54,4,40,40,True,LinearRegression,32,32,200,0,13,23,10,28
"2016-11-21 11:02:39,424",4,4,54,4,40,40,True,LinearRegression,32,32,200,0,18,18,18,19
"2016-11-21 11:03:01,858",4,4,54,4,40,40,True,LinearRegression,32,32,200,0,11,36,9,60
"2016-11-21 11:03:26,038",4,4,54,4,40,40,True,LinearRegression,32,32,200,0,18,17,19,16
"2016-11-21 11:03:51,798",4,4,54,4,40,40,True,LinearRegression,32,32,200,0,15,20,24,9
"2016-11-21 09:57:44,654",4,4,54,4,40,40,True,LinearRegression,32,32,200,0,5,54,15,30
"2016-11-21 09:58:05,648",4,4,54,4,40,40,True,LinearRegression,32,32,200,0,21,12,20,14
"2016-11-21 09:58:29,846",4,4,54,4,40,40,True,LinearRegression,32,32,200,0,19,15,26,6
"2016-11-21 09:58:52,845",4,4,54,4,40,40,True,LinearRegression,32,32,200,0,16,28,22,11
"2016-11-21 09:59:17,561",4,4,54,4,40,40,True,LinearRegression,32,32,200,0,18,21,27,7
"2016-11-21 09:59:39,312",4,4,54,4,40,40,True,LinearRegression,32,32,200,0,13,25,14,21
"2016-11-21 10:00:00,474",4,4,54,4,40,40,True,LinearRegression,32,32,200,0,10,41,15,25
"2016-11-21 10:00:22,029",4,4,54,4,40,40,True,LinearRegression,32,32,200,0,13,23,26,8
"2016-11-21 10:00:43,743",4,4,54,4,40,40,True,LinearRegression,32,32,200,0,18,17,16,19
"2016-11-21 10:01:06,066",4,4,54,4,40,40,True,LinearRegression,32,32,200,0,14,30,24,8
"2016-11-21 10:01:27,703",4,4,54,4,40,40,True,LinearRegression,32,32,200,0,23,11,23,11
"2016-11-21 10:01:51,812",4,4,54,4,40,40,True,LinearRegression,32,32,200,0,11,26,11,26
"2016-11-21 10:02:16,336",4,4,54,4,40,40,True,LinearRegression,32,32,200,0,14,29,14,29
"2016-11-21 10:02:38,335",4,4,54,4,40,40,True,LinearRegression,32,32,200,0,5,56,5,56
"2016-11-21 10:03:04,609",4,4,54,4,40,40,True,LinearRegression,32,32,200,0,9,32,18,17
"2016-11-21 10:03:26,961",4,4,54,4,40,40,True,LinearRegression,32,32,200,0,8,47,23,10
"2016-11-21 10:03:49,184",4,4,54,4,40,40,True,LinearRegression,32,32,200,0,16,21,25,10
"2016-11-21 10:04:11,187",4,4,54,4,40,40,True,LinearRegression,32,32,200,0,12,28,8,39
"2016-11-21 10:04:32,752",4,4,54,4,40,40,True,LinearRegression,32,32,200,0,13,32,23,9
"2016-11-21 10:04:54,338",4,4,54,4,40,40,True,LinearRegression,32,32,200,0,11,38,9,42
"2016-11-21 10:05:17,095",4,4,54,4,40,40,True,LinearRegression,32,32,200,0,14,25,24,10
"2016-11-21 10:05:40,109",4,4,54,4,40,40,True,LinearRegression,32,32,200,0,11,26,13,23
"2016-11-21 10:06:06,414",4,4,54,4,40,40,True,LinearRegression,32,32,200,0,21,15,24,12
"2016-11-21 10:06:27,673",4,4,54,4,40,40,True,LinearRegression,32,32,200,0,4,81,22,19
"2016-11-21 10:06:49,946",4,4,54,4,40,40,True,LinearRegression,32,32,200,0,25,10,28,4
"2016-11-21 10:07:13,467",4,4,54,4,40,40,True,LinearRegression,32,32,200,0,20,19,18,17
"2016-11-21 10:07:35,338",4,4,54,4,40,40,True,LinearRegression,32,32,200,0,18,22,24,10
"2016-11-21 10:08:04,213",4,4,54,4,40,40,True,LinearRegression,32,32,200,0,14,29,13,33
"2016-11-21 10:08:26,730",4,4,54,4,40,40,True,LinearRegression,32,32,200,0,13,40,23,13
"2016-11-21 10:08:49,951",4,4,54,4,40,40,True,LinearRegression,32,32,200,0,18,15,25,7
"2016-11-21 10:09:17,941",4,4,54,4,40,40,True,LinearRegression,32,32,200,0,12,24,21,13
"2016-11-21 10:09:40,046",4,4,54,4,40,40,True,LinearRegression,32,32,200,0,10,34,7,44
"2016-11-21 10:10:01,660",4,4,54,4,40,40,True,LinearRegression,32,32,200,0,10,32,11,29
"2016-11-21 10:10:23,451",4,4,54,4,40,40,True,LinearRegression,32,32,200,0,12,35,18,19
"2016-11-21 10:10:44,937",4,4,54,4,40,40,True,LinearRegression,32,32,200,0,22,13,26,9
"2016-11-21 10:11:06,339",4,4,54,4,40,40,True,LinearRegression,32,32,200,0,10,38,24,8
"2016-11-21 10:11:30,719",4,4,54,4,40,40,True,LinearRegression,32,32,200,0,12,28,6,45
"2016-11-21 10:11:52,572",4,4,54,4,40,40,True,LinearRegression,32,32,200,0,6,54,6,53
"2016-11-21 10:12:16,262",4,4,54,4,40,40,True,LinearRegression,32,32,200,0,18,20,19,15
"2016-11-21 10:12:38,088",4,4,54,4,40,40,True,LinearRegression,32,32,200,0,18,15,18,15
"2016-11-21 10:13:00,526",4,4,54,4,40,40,True,LinearRegression,32,32,200,0,14,29,19,20
"2016-11-21 10:13:25,447",4,4,54,4,40,40,True,LinearRegression,32,32,200,0,13,30,22,12
"2016-11-21 10:13:48,270",4,4,54,4,40,40,True,LinearRegression,32,32,200,0,6,41,12,25
"2016-11-21 10:14:13,346",4,4,54,4,40,40,True,LinearRegression,32,32,200,0,11,29,20,16
"2016-11-21 10:14:38,950",4,4,54,4,40,40,True,LinearRegression,32,32,200,0,12,30,24,8
"2016-11-21 10:15:04,187",4,4,54,4,40,40,True,LinearRegression,32,32,200,0,13,36,17,18
"2016-11-21 10:15:25,940",4,4,54,4,40,40,True,LinearRegression,32,32,200,0,16,24,22,10
"2016-11-21 10:15:48,579",4,4,54,4,40,40,True,LinearRegression,32,32,200,0,17,17,19,15
"2016-11-21 10:16:17,806",4,4,54,4,40,40,True,LinearRegression,32,32,200,0,10,29,15,22
"2016-11-21 10:16:41,993",4,4,54,4,40,40,True,LinearRegression,32,32,200,0,14,32,13,34
"2016-11-21 10:17:08,915",4,4,54,4,40,40,True,LinearRegression,32,32,200,0,16,24,23,11
"2016-11-21 10:17:37,512",4,4,54,4,40,40,True,LinearRegression,32,32,200,0,4,69,16,22
"2016-11-21 10:18:01,072",4,4,54,4,40,40,True,LinearRegression,32,32,200,0,8,43,8,54
"2016-11-21 10:18:24,313",4,4,54,4,40,40,True,LinearRegression,32,32,200,0,18,19,25,8
"2016-11-21 10:18:47,709",4,4,54,4,40,40,True,LinearRegression,32,32,200,0,5,42,17,15
"2016-11-21 10:19:18,986",4,4,54,4,40,40,True,LinearRegression,32,32,200,0,13,27,10,32
"2016-11-21 10:19:42,986",4,4,54,4,40,40,True,LinearRegression,32,32,200,0,7,41,7,40
"2016-11-21 10:20:07,026",4,4,54,4,40,40,True,LinearRegression,32,32,200,0,11,29,20,13
"2016-11-21 10:20:34,483",4,4,54,4,40,40,True,LinearRegression,32,32,200,0,10,30,17,18
"2016-11-21 10:20:57,565",4,4,54,4,40,40,True,LinearRegression,32,32,200,0,12,27,16,20
"2016-11-21 10:21:23,826",4,4,54,4,40,40,True,LinearRegression,32,32,200,0,6,57,23,9
"2016-11-21 10:21:47,753",4,4,54,4,40,40,True,LinearRegression,32,32,200,0,10,31,9,32
"2016-11-21 10:22:11,167",4,4,54,4,40,40,True,LinearRegression,32,32,200,0,8,33,9,35
"2016-11-21 10:22:37,329",4,4,54,4,40,40,True,LinearRegression,32,32,200,0,14,26,14,25
"2016-11-21 10:23:02,289",4,4,54,4,40,40,True,LinearRegression,32,32,200,0,12,37,12,37
"2016-11-21 10:23:27,460",4,4,54,4,40,40,True,LinearRegression,32,32,200,0,21,12,19,14
"2016-11-21 10:23:52,621",4,4,54,4,40,40,True,LinearRegression,32,32,200,0,15,20,18,16
"2016-11-21 10:24:15,766",4,4,54,4,40,40,True,LinearRegression,32,32,200,0,18,19,20,16
"2016-11-21 10:24:41,380",4,4,54,4,40,40,True,LinearRegression,32,32,200,0,10,31,21,11
"2016-11-21 10:25:06,401",4,4,54,4,40,40,True,LinearRegression,32,32,200,0,19,14,23,9
"2016-11-21 10:25:31,963",4,4,54,4,40,40,True,LinearRegression,32,32,200,0,9,41,17,19
"2016-11-21 10:25:57,875",4,4,54,4,40,40,True,LinearRegression,32,32,200,0,22,13,23,11
"2016-11-21 10:26:21,319",4,4,54,4,40,40,True,LinearRegression,32,32,200,0,4,48,22,13
"2016-11-21 10:26:45,137",4,4,54,4,40,40,True,LinearRegression,32,32,200,0,8,37,8,37
"2016-11-21 10:27:10,724",4,4,54,4,40,40,True,LinearRegression,32,32,200,0,9,38,5,56
"2016-11-21 10:27:35,815",4,4,54,4,40,40,True,LinearRegression,32,32,200,0,15,21,18,19
"2016-11-21 10:28:02,322",4,4,54,4,40,40,True,LinearRegression,32,32,200,0,4,61,19,26
"2016-11-21 10:28:30,023",4,4,54,4,40,40,True,LinearRegression,32,32,200,0,11,27,10,30
"2016-11-21 10:28:54,796",4,4,54,4,40,40,True,LinearRegression,32,32,200,0,15,24,16,22
"2016-11-21 10:29:18,530",4,4,54,4,40,40,True,LinearRegression,32,32,200,0,9,38,6,56
"2016-11-21 10:29:44,137",4,4,54,4,40,40,True,LinearRegression,32,32,200,0,11,33,18,17
"2016-11-21 10:30:09,489",4,4,54,4,40,40,True,LinearRegression,32,32,200,0,15,19,20,13
"2016-11-21 10:30:34,227",4,4,54,4,40,40,True,LinearRegression,32,32,200,0,20,17,20,17
"2016-11-21 10:30:59,193",4,4,54,4,40,40,True,LinearRegression,32,32,200,0,16,20,17,19
"2016-11-21 10:31:26,207",4,4,54,4,40,40,True,LinearRegression,32,32,200,0,7,41,23,10
"2016-11-21 10:31:53,627",4,4,54,4,40,40,True,LinearRegression,32,32,200,0,3,55,6,50
"2016-11-21 10:32:18,066",4,4,54,4,40,40,True,LinearRegression,32,32,200,0,10,37,10,35
"2016-11-21 10:32:43,012",4,4,54,4,40,40,True,LinearRegression,32,32,200,0,8,45,25,8
"2016-11-21 10:33:09,210",4,4,54,4,40,40,True,LinearRegression,32,32,200,0,18,17,21,12
"2016-11-21 10:33:33,206",4,4,54,4,40,40,True,LinearRegression,32,32,200,0,9,35,7,51
"2016-11-21 10:33:57,188",4,4,54,4,40,40,True,LinearRegression,32,32,200,0,22,17,26,10
"2016-11-21 10:34:21,089",4,4,54,4,40,40,True,LinearRegression,32,32,200,0,8,37,8,36
"2016-11-21 10:34:49,532",4,4,54,4,40,40,True,LinearRegression,32,32,200,0,14,36,13,36
"2016-11-21 10:35:17,835",4,4,54,4,40,40,True,LinearRegression,32,32,200,0,15,24,17,16
"2016-11-21 10:35:43,154",4,4,54,4,40,40,True,LinearRegression,32,32,200,0,16,18,22,10
"2016-11-21 10:36:07,061",,,,,,,,LinAlgError occured: Skipping this run,,,,,,,,
"2016-11-21 10:36:36,017",4,4,54,4,40,40,True,LinearRegression,32,32,200,0,13,25,23,10
"2016-11-21 10:36:59,799",4,4,54,4,40,40,True,LinearRegression,32,32,200,0,19,15,25,7
"2016-11-21 10:37:25,576",4,4,54,4,40,40,True,LinearRegression,32,32,200,0,11,32,10,34
"2016-11-21 10:37:54,387",4,4,54,4,40,40,True,LinearRegression,32,32,200,0,23,10,19,13
"2016-11-21 10:38:21,223",4,4,54,4,40,40,True,LinearRegression,32,32,200,0,13,31,11,28
"2016-11-21 10:38:51,137",4,4,54,4,40,40,True,LinearRegression,32,32,200,0,17,20,23,9
"2016-11-21 10:39:18,256",4,4,54,4,40,40,True,LinearRegression,32,32,200,0,10,35,7,56
"2016-11-21 10:39:43,523",4,4,54,4,40,40,True,LinearRegression,32,32,200,0,18,17,18,17
"2016-11-21 10:40:06,954",4,4,54,4,40,40,True,LinearRegression,32,32,200,0,27,7,31,1
"2016-11-21 10:40:33,117",4,4,54,4,40,40,True,LinearRegression,32,32,200,0,5,63,16,19
"2016-11-21 10:40:58,467",4,4,54,4,40,40,True,LinearRegression,32,32,200,0,12,28,18,18
"2016-11-21 10:41:21,357",4,4,54,4,40,40,True,LinearRegression,32,32,200,0,14,23,13,23
"2016-11-21 10:41:48,940",4,4,54,4,40,40,True,LinearRegression,32,32,200,0,19,17,25,7
"2016-11-21 10:42:12,464",4,4,54,4,40,40,True,LinearRegression,32,32,200,0,18,23,26,7
"2016-11-21 10:42:37,674",4,4,54,4,40,40,True,LinearRegression,32,32,200,0,13,22,19,13
"2016-11-21 10:43:02,846",4,4,54,4,40,40,True,LinearRegression,32,32,200,0,16,26,25,9
"2016-11-21 10:43:29,355",4,4,54,4,40,40,True,LinearRegression,32,32,200,0,15,25,12,38
"2016-11-21 10:43:53,806",4,4,54,4,40,40,True,LinearRegression,32,32,200,0,19,17,26,6
"2016-11-21 10:44:17,101",4,4,54,4,40,40,True,LinearRegression,32,32,200,0,15,26,23,9
"2016-11-21 10:44:42,315",4,4,54,4,40,40,True,LinearRegression,32,32,200,0,12,30,11,32
"2016-11-21 10:45:07,365",4,4,54,4,40,40,True,LinearRegression,32,32,200,0,8,52,18,28
"2016-11-21 10:45:31,155",4,4,54,4,40,40,True,LinearRegression,32,32,200,0,13,26,14,25
"2016-11-21 10:45:56,316",4,4,54,4,40,40,True,LinearRegression,32,32,200,0,20,18,25,8
"2016-11-21 10:46:21,375",,,,,,,,LinAlgError occured: Skipping this run,,,,,,,,
"2016-11-21 10:46:46,492",4,4,54,4,40,40,True,LinearRegression,32,32,200,0,11,31,19,18
"2016-11-21 10:47:11,483",4,4,54,4,40,40,True,LinearRegression,32,32,200,0,11,46,22,11
"2016-11-21 10:47:35,844",4,4,54,4,40,40,True,LinearRegression,32,32,200,0,16,24,20,16
"2016-11-21 10:48:00,846",4,4,54,4,40,40,True,LinearRegression,32,32,200,0,18,21,22,11
"2016-11-21 10:48:26,783",4,4,54,4,40,40,True,LinearRegression,32,32,200,0,16,31,22,12
"2016-11-21 10:48:53,454",4,4,54,4,40,40,True,LinearRegression,32,32,200,0,17,25,15,37
"2016-11-21 10:49:18,171",4,4,54,4,40,40,True,LinearRegression,32,32,200,0,14,20,8,28
"2016-11-21 10:49:42,823",4,4,54,4,40,40,True,LinearRegression,32,32,200,0,24,9,28,4
"2016-11-21 10:50:06,865",4,4,54,4,40,40,True,LinearRegression,32,32,200,0,10,33,11,30
"2016-11-21 10:50:33,032",4,4,54,4,40,40,True,LinearRegression,32,32,200,0,18,22,25,11
"2016-11-21 10:50:59,615",4,4,54,4,40,40,True,LinearRegression,32,32,200,0,11,36,24,9
"2016-11-21 10:51:24,543",4,4,54,4,40,40,True,LinearRegression,32,32,200,0,13,27,19,17
"2016-11-21 10:51:50,539",4,4,54,4,40,40,True,LinearRegression,32,32,200,0,20,14,24,10
"2016-11-21 10:52:15,125",4,4,54,4,40,40,True,LinearRegression,32,32,200,0,18,16,24,9
"2016-11-21 10:52:39,562",4,4,54,4,40,40,True,LinearRegression,32,32,200,0,13,28,16,20
"2016-11-21 10:53:06,779",4,4,54,4,40,40,True,LinearRegression,32,32,200,0,15,22,16,18
"2016-11-21 10:53:32,848",4,4,54,4,40,40,True,LinearRegression,32,32,200,0,5,63,17,19
"2016-11-21 10:53:58,566",4,4,54,4,40,40,True,LinearRegression,32,32,200,0,15,21,15,21
"2016-11-21 10:54:24,559",4,4,54,4,40,40,True,LinearRegression,32,32,200,0,14,29,13,33
"2016-11-21 10:54:52,368",4,4,54,4,40,40,True,LinearRegression,32,32,200,0,11,28,17,16
"2016-11-21 10:55:17,540",4,4,54,4,40,40,True,LinearRegression,32,32,200,0,17,20,16,22
"2016-11-21 10:55:43,815",4,4,54,4,40,40,True,LinearRegression,32,32,200,0,13,30,10,48
"2016-11-21 10:56:08,410",4,4,54,4,40,40,True,LinearRegression,32,32,200,0,9,38,7,48
"2016-11-21 10:56:33,315",4,4,54,4,40,40,True,LinearRegression,32,32,200,0,9,41,22,12
"2016-11-21 10:56:58,625",4,4,54,4,40,40,True,LinearRegression,32,32,200,0,11,27,13,29
"2016-11-21 10:57:23,892",4,4,54,4,40,40,True,LinearRegression,32,32,200,0,13,27,12,31
"2016-11-21 10:57:50,569",4,4,54,4,40,40,True,LinearRegression,32,32,200,0,15,20,16,18
"2016-11-21 10:58:13,960",4,4,54,4,40,40,True,LinearRegression,32,32,200,0,9,41,21,12
"2016-11-21 10:58:41,286",4,4,54,4,40,40,True,LinearRegression,32,32,200,0,16,19,26,8
"2016-11-21 10:59:05,302",4,4,54,4,40,40,True,LinearRegression,32,32,200,0,14,31,23,9
"2016-11-21 10:59:31,970",4,4,54,4,40,40,True,LinearRegression,32,32,200,0,14,42,27,7
"2016-11-21 10:59:58,812",4,4,54,4,40,40,True,LinearRegression,32,32,200,0,12,28,26,7
"2016-11-21 11:00:24,437",4,4,54,4,40,40,True,LinearRegression,32,32,200,0,24,10,28,5
"2016-11-21 11:00:50,003",4,4,54,4,40,40,True,LinearRegression,32,32,200,0,15,23,16,21
"2016-11-21 11:01:14,663",4,4,54,4,40,40,True,LinearRegression,32,32,200,0,12,32,14,28
"2016-11-21 11:01:40,510",4,4,54,4,40,40,True,LinearRegression,32,32,200,0,11,32,8,45
"2016-11-21 11:02:06,326",4,4,54,4,40,40,True,LinearRegression,32,32,200,0,18,14,20,12
"2016-11-21 11:02:30,549",4,4,54,4,40,40,True,LinearRegression,32,32,200,0,21,13,18,18
"2016-11-21 11:02:56,506",4,4,54,4,40,40,True,LinearRegression,32,32,200,0,12,23,18,16
"2016-11-21 11:03:22,234",4,4,54,4,40,40,True,LinearRegression,32,32,200,0,7,40,4,54
"2016-11-21 11:03:49,822",4,4,54,4,40,40,True,LinearRegression,32,32,200,0,14,24,15,22
"2016-11-21 11:04:08,576",4,4,54,4,40,40,True,LinearRegression,32,32,200,0,16,36,18,24
"2016-11-21 11:04:22,407",4,4,54,4,40,40,True,LinearRegression,32,32,200,0,9,38,10,34
"2016-11-21 11:04:36,069",4,4,54,4,40,40,True,LinearRegression,32,32,200,0,7,41,7,41
"2016-11-21 11:04:49,729",4,4,54,4,40,40,True,LinearRegression,32,32,200,0,10,35,21,13
"2016-11-21 11:05:03,483",4,4,54,4,40,40,True,LinearRegression,32,32,200,0,18,21,17,25
"2016-11-21 11:05:17,332",4,4,54,4,40,40,True,LinearRegression,32,32,200,0,15,20,17,15
"2016-11-20 17:13:11,210",4,4,54,4,40,40,True,LinearRegression,32,32,200,0,0,5872,0,4444
"2016-11-20 17:13:30,665",4,4,54,4,40,40,True,LinearRegression,32,32,200,0,15,23,0,533
"2016-11-20 17:13:49,848",4,4,54,4,40,40,True,LinearRegression,32,32,200,0,14,25,26,6
"2016-11-20 17:14:09,526",4,4,54,4,40,40,True,LinearRegression,32,32,200,0,0,6683,0,4062
"2016-11-20 17:14:28,930",4,4,54,4,40,40,True,LinearRegression,32,32,200,0,0,6663,8,39
"2016-11-20 17:14:47,065",4,4,54,4,40,40,True,LinearRegression,32,32,200,0,0,4228,5,101
"2016-11-20 17:15:04,976",4,4,54,4,40,40,True,LinearRegression,32,32,200,0,0,6682,0,124
"2016-11-20 17:15:23,079",4,4,54,4,40,40,True,LinearRegression,32,32,200,0,0,2598,0,140
"2016-11-20 17:15:41,130",4,4,54,4,40,40,True,LinearRegression,32,32,200,0,0,6720,0,160
"2016-11-20 17:15:59,053",4,4,54,4,40,40,True,LinearRegression,32,32,200,0,0,6130,7,94
"2016-11-20 17:16:16,979",4,4,54,4,40,40,True,LinearRegression,32,32,200,0,0,2385,0,6623
"2016-11-20 17:16:34,555",4,4,54,4,40,40,True,LinearRegression,32,32,200,0,8,39,1,77
"2016-11-20 17:16:53,122",4,4,54,4,40,40,True,LinearRegression,32,32,200,0,0,3716,0,4256
"2016-11-20 17:17:11,928",4,4,54,4,40,40,True,LinearRegression,32,32,200,0,11,29,12,27
"2016-11-20 17:17:30,746",4,4,54,4,40,40,True,LinearRegression,32,32,200,0,0,5432,8,29
"2016-11-20 17:17:49,448",4,4,54,4,40,40,True,LinearRegression,32,32,200,0,0,6430,7,47
"2016-11-20 17:18:08,211",4,4,54,4,40,40,True,LinearRegression,32,32,200,0,0,6662,8,41
"2016-11-20 17:18:29,723",4,4,54,4,40,40,True,LinearRegression,32,32,200,0,0,2263,0,4414
"2016-11-20 17:18:50,243",4,4,54,4,40,40,True,LinearRegression,32,32,200,0,0,2905,0,2074
"2016-11-20 17:19:10,993",4,4,54,4,40,40,True,LinearRegression,32,32,200,0,0,3481,3,127
"2016-11-20 17:19:35,664",4,4,54,4,40,40,True,LinearRegression,32,32,200,0,0,6677,0,5971
"2016-11-20 17:20:03,108",4,4,54,4,40,40,True,LinearRegression,32,32,200,0,0,6690,0,5261
"2016-11-20 17:20:26,878",4,4,54,4,40,40,True,LinearRegression,32,32,200,0,0,6475,3,60
"2016-11-20 17:20:52,467",4,4,54,4,40,40,True,LinearRegression,32,32,200,0,0,3856,0,6643
"2016-11-20 17:21:11,674",4,4,54,4,40,40,True,LinearRegression,32,32,200,0,7,38,0,6676
"2016-11-20 17:21:29,565",4,4,54,4,40,40,True,LinearRegression,32,32,200,0,8,50,0,103
"2016-11-20 17:21:48,196",4,4,54,4,40,40,True,LinearRegression,32,32,200,0,9,38,0,6659
"2016-11-20 17:22:06,765",4,4,54,4,40,40,True,LinearRegression,32,32,200,0,0,3686,0,4374
"2016-11-20 17:22:25,724",4,4,54,4,40,40,True,LinearRegression,32,32,200,0,16,25,0,2960
"2016-11-20 17:22:43,302",4,4,54,4,40,40,True,LinearRegression,32,32,200,0,0,3723,0,5785
"2016-11-20 17:23:01,154",4,4,54,4,40,40,True,LinearRegression,32,32,200,0,0,6641,0,3275
"2016-11-20 17:23:19,624",4,4,54,4,40,40,True,LinearRegression,32,32,200,0,14,22,5,47
"2016-11-20 17:23:38,190",4,4,54,4,40,40,True,LinearRegression,32,32,200,0,0,6696,4,102
"2016-11-20 17:23:57,145",4,4,54,4,40,40,True,LinearRegression,32,32,200,0,0,5866,1,130
"2016-11-20 17:24:14,589",4,4,54,4,40,40,True,LinearRegression,32,32,200,0,0,6452,0,141
"2016-11-20 17:24:32,375",4,4,54,4,40,40,True,LinearRegression,32,32,200,0,20,12,25,7
"2016-11-20 17:24:50,709",4,4,54,4,40,40,True,LinearRegression,32,32,200,0,0,4128,2,92
"2016-11-20 17:25:10,983",4,4,54,4,40,40,True,LinearRegression,32,32,200,0,0,1598,3,108
"2016-11-20 17:25:30,118",4,4,54,4,40,40,True,LinearRegression,32,32,200,0,14,30,0,523
"2016-11-20 17:25:48,091",4,4,54,4,40,40,True,LinearRegression,32,32,200,0,14,18,20,12
"2016-11-20 17:26:05,707",4,4,54,4,40,40,True,LinearRegression,32,32,200,0,16,26,16,33
"2016-11-20 17:26:23,538",4,4,54,4,40,40,True,LinearRegression,32,32,200,0,0,6664,1,1366
"2016-11-20 17:26:42,684",4,4,54,4,40,40,True,LinearRegression,32,32,200,0,4,67,0,6657
"2016-11-20 17:27:00,589",4,4,54,4,40,40,True,LinearRegression,32,32,200,0,0,1929,14,30
"2016-11-20 17:27:18,625",4,4,54,4,40,40,True,LinearRegression,32,32,200,0,0,6690,0,4658
"2016-11-20 17:27:36,697",4,4,54,4,40,40,True,LinearRegression,32,32,200,0,0,4427,0,132
"2016-11-20 17:27:54,349",4,4,54,4,40,40,True,LinearRegression,32,32,200,0,0,5391,7,107
"2016-11-20 17:28:11,907",4,4,54,4,40,40,True,LinearRegression,32,32,200,0,18,17,20,14
"2016-11-20 17:28:32,211",4,4,54,4,40,40,True,LinearRegression,32,32,200,0,0,2086,5,51
"2016-11-20 17:28:49,713",4,4,54,4,40,40,True,LinearRegression,32,32,200,0,19,15,0,116
"2016-11-20 17:29:07,326",4,4,54,4,40,40,True,LinearRegression,32,32,200,0,0,4665,0,98
"2016-11-20 17:29:25,187",4,4,54,4,40,40,True,LinearRegression,32,32,200,0,10,32,0,2397
"2016-11-20 17:29:43,246",4,4,54,4,40,40,True,LinearRegression,32,32,200,0,0,4461,0,156
"2016-11-20 17:30:00,994",4,4,54,4,40,40,True,LinearRegression,32,32,200,0,13,30,23,9
"2016-11-20 17:30:18,572",4,4,54,4,40,40,True,LinearRegression,32,32,200,0,0,2775,7,44
"2016-11-20 17:30:36,490",4,4,54,4,40,40,True,LinearRegression,32,32,200,0,0,6733,0,2389
"2016-11-20 17:30:54,750",4,4,54,4,40,40,True,LinearRegression,32,32,200,0,0,3959,0,3102
"2016-11-20 17:31:12,243",4,4,54,4,40,40,True,LinearRegression,32,32,200,0,0,6701,0,121
"2016-11-20 17:31:29,697",4,4,54,4,40,40,True,LinearRegression,32,32,200,0,0,6096,0,158
"2016-11-20 17:31:47,846",4,4,54,4,40,40,True,LinearRegression,32,32,200,0,0,6674,0,6701
"2016-11-20 17:32:05,851",4,4,54,4,40,40,True,LinearRegression,32,32,200,0,23,12,0,586
"2016-11-20 17:32:23,299",4,4,54,4,40,40,True,LinearRegression,32,32,200,0,0,6538,0,124
"2016-11-20 17:32:42,395",4,4,54,4,40,40,True,LinearRegression,32,32,200,0,0,6708,0,152
"2016-11-20 17:33:00,253",4,4,54,4,40,40,True,LinearRegression,32,32,200,0,0,6673,0,6672
"2016-11-20 17:33:17,948",4,4,54,4,40,40,True,LinearRegression,32,32,200,0,0,6338,0,6589
"2016-11-20 17:33:35,780",4,4,54,4,40,40,True,LinearRegression,32,32,200,0,7,61,0,140
"2016-11-20 17:33:53,594",4,4,54,4,40,40,True,LinearRegression,32,32,200,0,13,31,0,77
"2016-11-20 17:34:11,394",4,4,54,4,40,40,True,LinearRegression,32,32,200,0,1,2215,4,70
"2016-11-20 17:34:30,601",4,4,54,4,40,40,True,LinearRegression,32,32,200,0,0,6499,0,4600
"2016-11-20 17:34:48,240",4,4,54,4,40,40,True,LinearRegression,32,32,200,0,0,1593,0,4671
"2016-11-20 17:35:05,861",4,4,54,4,40,40,True,LinearRegression,32,32,200,0,0,3713,0,4988
"2016-11-20 17:35:24,405",4,4,54,4,40,40,True,LinearRegression,32,32,200,0,14,42,0,1003
"2016-11-20 17:35:44,723",4,4,54,4,40,40,True,LinearRegression,32,32,200,0,20,15,1,76
"2016-11-20 17:36:05,979",4,4,54,4,40,40,True,LinearRegression,32,32,200,0,0,3434,4,84
"2016-11-20 17:36:26,319",4,4,54,4,40,40,True,LinearRegression,32,32,200,0,0,6711,0,3026
"2016-11-20 17:36:49,217",4,4,54,4,40,40,True,LinearRegression,32,32,200,0,17,19,0,92
"2016-11-20 17:37:12,976",4,4,54,4,40,40,True,LinearRegression,32,32,200,0,20,13,0,6606
"2016-11-20 17:37:35,757",4,4,54,4,40,40,True,LinearRegression,32,32,200,0,0,6670,0,6706
"2016-11-20 17:37:58,890",4,4,54,4,40,40,True,LinearRegression,32,32,200,0,29,3,31,1
"2016-11-20 17:38:20,923",4,4,54,4,40,40,True,LinearRegression,32,32,200,0,0,4556,0,6667
"2016-11-20 17:38:41,717",4,4,54,4,40,40,True,LinearRegression,32,32,200,0,0,1725,0,4060
"2016-11-20 17:39:03,562",4,4,54,4,40,40,True,LinearRegression,32,32,200,0,0,6660,0,6691
"2016-11-20 17:39:24,756",4,4,54,4,40,40,True,LinearRegression,32,32,200,0,0,3830,8,78
"2016-11-20 17:39:45,533",4,4,54,4,40,40,True,LinearRegression,32,32,200,0,0,6286,0,6653
"2016-11-20 17:40:06,088",4,4,54,4,40,40,True,LinearRegression,32,32,200,0,0,844,0,6432
"2016-11-20 17:40:26,743",4,4,54,4,40,40,True,LinearRegression,32,32,200,0,0,4226,5,91
"2016-11-20 17:40:49,438",4,4,54,4,40,40,True,LinearRegression,32,32,200,0,15,23,1,90
"2016-11-20 17:41:10,609",4,4,54,4,40,40,True,LinearRegression,32,32,200,0,0,6628,4,50
"2016-11-20 17:41:31,552",4,4,54,4,40,40,True,LinearRegression,32,32,200,0,0,6687,0,155
"2016-11-20 17:41:52,782",4,4,54,4,40,40,True,LinearRegression,32,32,200,0,0,6052,6,112
"2016-11-20 17:42:14,826",4,4,54,4,40,40,True,LinearRegression,32,32,200,0,0,3251,0,153
"2016-11-20 17:42:34,510",4,4,54,4,40,40,True,LinearRegression,32,32,200,0,0,3413,0,3554
"2016-11-20 17:42:53,861",4,4,54,4,40,40,True,LinearRegression,32,32,200,0,0,2763,0,130
"2016-11-20 17:43:12,486",4,4,54,4,40,40,True,LinearRegression,32,32,200,0,0,6660,0,148
"2016-11-20 17:43:30,022",4,4,54,4,40,40,True,LinearRegression,32,32,200,0,0,6706,2,101
"2016-11-20 17:43:47,982",4,4,54,4,40,40,True,LinearRegression,32,32,200,0,0,6575,0,3592
"2016-11-20 17:44:07,082",4,4,54,4,40,40,True,LinearRegression,32,32,200,0,21,19,28,5
"2016-11-20 17:44:25,200",4,4,54,4,40,40,True,LinearRegression,32,32,200,0,11,28,0,6686
"2016-11-20 17:44:42,944",4,4,54,4,40,40,True,LinearRegression,32,32,200,0,0,4689,6,105
"2016-11-20 17:45:01,678",4,4,54,4,40,40,True,LinearRegression,32,32,200,0,0,6039,0,3470
"2016-11-20 17:45:19,276",4,4,54,4,40,40,True,LinearRegression,32,32,200,0,0,6674,0,6530
"2016-11-20 17:45:37,638",4,4,54,4,40,40,True,LinearRegression,32,32,200,0,0,3648,3,80
"2016-11-20 17:45:55,719",4,4,54,4,40,40,True,LinearRegression,32,32,200,0,0,4233,0,98
"2016-11-20 17:46:14,651",4,4,54,4,40,40,True,LinearRegression,32,32,200,0,8,54,0,154
"2016-11-20 17:46:33,404",4,4,54,4,40,40,True,LinearRegression,32,32,200,0,21,14,0,6460
"2016-11-20 17:46:52,552",4,4,54,4,40,40,True,LinearRegression,32,32,200,0,5,52,0,6650
"2016-11-20 17:47:10,709",4,4,54,4,40,40,True,LinearRegression,32,32,200,0,0,2885,0,143
"2016-11-20 17:47:29,367",4,4,54,4,40,40,True,LinearRegression,32,32,200,0,0,2086,0,3612
"2016-11-20 17:47:46,914",4,4,54,4,40,40,True,LinearRegression,32,32,200,0,0,6676,0,6094
"2016-11-20 17:48:04,640",4,4,54,4,40,40,True,LinearRegression,32,32,200,0,10,34,7,48
"2016-11-20 17:48:22,709",4,4,54,4,40,40,True,LinearRegression,32,32,200,0,0,6302,1,115
"2016-11-20 17:48:40,198",4,4,54,4,40,40,True,LinearRegression,32,32,200,0,0,5478,0,99
"2016-11-20 17:48:57,529",4,4,54,4,40,40,True,LinearRegression,32,32,200,0,6,51,0,354
"2016-11-20 17:49:16,063",4,4,54,4,40,40,True,LinearRegression,32,32,200,0,21,13,27,5
"2016-11-20 17:49:33,637",4,4,54,4,40,40,True,LinearRegression,32,32,200,0,0,4953,0,138
"2016-11-20 17:49:51,017",4,4,54,4,40,40,True,LinearRegression,32,32,200,0,0,6684,0,4178
"2016-11-20 17:50:09,278",4,4,54,4,40,40,True,LinearRegression,32,32,200,0,0,4945,2,63
"2016-11-20 17:50:26,691",4,4,54,4,40,40,True,LinearRegression,32,32,200,0,19,14,20,16
"2016-11-20 17:50:44,861",4,4,54,4,40,40,True,LinearRegression,32,32,200,0,0,1771,0,6658
"2016-11-20 17:51:03,750",4,4,54,4,40,40,True,LinearRegression,32,32,200,0,0,6674,0,4429
"2016-11-20 17:51:21,664",4,4,54,4,40,40,True,LinearRegression,32,32,200,0,0,4568,0,2568
"2016-11-20 17:51:39,431",4,4,54,4,40,40,True,LinearRegression,32,32,200,0,0,3619,0,3620
"2016-11-20 17:51:56,661",4,4,54,4,40,40,True,LinearRegression,32,32,200,0,0,2933,0,136
"2016-11-20 17:52:14,246",4,4,54,4,40,40,True,LinearRegression,32,32,200,0,0,6676,0,2420
"2016-11-20 17:52:33,006",4,4,54,4,40,40,True,LinearRegression,32,32,200,0,0,6636,0,4728
"2016-11-20 17:52:50,852",4,4,54,4,40,40,True,LinearRegression,32,32,200,0,0,6405,1,119
"2016-11-20 17:53:08,334",4,4,54,4,40,40,True,LinearRegression,32,32,200,0,14,25,21,13
"2016-11-20 17:53:26,183",4,4,54,4,40,40,True,LinearRegression,32,32,200,0,17,19,22,11
"2016-11-20 17:53:44,140",4,4,54,4,40,40,True,LinearRegression,32,32,200,0,16,20,20,14
"2016-11-20 17:54:03,079",4,4,54,4,40,40,True,LinearRegression,32,32,200,0,0,3598,0,6729
"2016-11-20 17:54:21,183",4,4,54,4,40,40,True,LinearRegression,32,32,200,0,0,5986,0,1574
"2016-11-20 17:54:39,438",4,4,54,4,40,40,True,LinearRegression,32,32,200,0,0,2301,0,6660
"2016-11-20 17:54:57,242",4,4,54,4,40,40,True,LinearRegression,32,32,200,0,0,5610,0,105
"2016-11-20 17:55:15,233",4,4,54,4,40,40,True,LinearRegression,32,32,200,0,0,6659,0,3917
"2016-11-20 17:55:33,460",4,4,54,4,40,40,True,LinearRegression,32,32,200,0,0,6669,0,6568
"2016-11-20 17:55:51,128",4,4,54,4,40,40,True,LinearRegression,32,32,200,0,0,5155,0,156
"2016-11-20 17:56:09,881",4,4,54,4,40,40,True,LinearRegression,32,32,200,0,0,5474,0,137
"2016-11-20 17:56:29,415",4,4,54,4,40,40,True,LinearRegression,32,32,200,0,0,6671,11,29
"2016-11-20 17:56:47,130",4,4,54,4,40,40,True,LinearRegression,32,32,200,0,0,6655,0,6607
"2016-11-20 17:57:05,089",4,4,54,4,40,40,True,LinearRegression,32,32,200,0,0,5615,0,2886
"2016-11-20 17:57:22,775",4,4,54,4,40,40,True,LinearRegression,32,32,200,0,14,32,13,38
"2016-11-20 17:57:41,246",4,4,54,4,40,40,True,LinearRegression,32,32,200,0,20,15,23,10
"2016-11-20 17:57:59,127",4,4,54,4,40,40,True,LinearRegression,32,32,200,0,0,6675,9,34
"2016-11-20 17:58:16,828",4,4,54,4,40,40,True,LinearRegression,32,32,200,0,0,6464,0,149
"2016-11-20 17:58:34,489",4,4,54,4,40,40,True,LinearRegression,32,32,200,0,0,6619,0,5402
"2016-11-20 17:58:52,105",4,4,54,4,40,40,True,LinearRegression,32,32,200,0,0,5081,11,87
"2016-11-20 17:59:09,868",4,4,54,4,40,40,True,LinearRegression,32,32,200,0,0,5525,0,94
"2016-11-20 17:59:27,625",4,4,54,4,40,40,True,LinearRegression,32,32,200,0,0,6673,0,4586
"2016-11-20 17:59:45,523",4,4,54,4,40,40,True,LinearRegression,32,32,200,0,0,6727,0,152
"2016-11-20 18:00:03,151",4,4,54,4,40,40,True,LinearRegression,32,32,200,0,0,5006,0,6446
"2016-11-20 18:00:20,816",4,4,54,4,40,40,True,LinearRegression,32,32,200,0,14,23,1,69
"2016-11-20 18:00:39,203",4,4,54,4,40,40,True,LinearRegression,32,32,200,0,13,36,0,6671
"2016-11-20 18:00:57,007",4,4,54,4,40,40,True,LinearRegression,32,32,200,0,13,29,12,39
"2016-11-20 18:01:14,480",4,4,54,4,40,40,True,LinearRegression,32,32,200,0,0,2709,0,2850
"2016-11-20 18:01:32,305",4,4,54,4,40,40,True,LinearRegression,32,32,200,0,19,16,0,648
"2016-11-20 18:01:50,312",4,4,54,4,40,40,True,LinearRegression,32,32,200,0,18,18,0,249
"2016-11-20 18:02:08,078",4,4,54,4,40,40,True,LinearRegression,32,32,200,0,0,6722,2,109
"2016-11-20 18:02:25,788",4,4,54,4,40,40,True,LinearRegression,32,32,200,0,0,6671,0,6661
"2016-11-20 18:02:43,460",4,4,54,4,40,40,True,LinearRegression,32,32,200,0,19,16,0,462
"2016-11-20 18:03:01,266",4,4,54,4,40,40,True,LinearRegression,32,32,200,0,11,32,0,308
"2016-11-20 18:03:19,084",4,4,54,4,40,40,True,LinearRegression,32,32,200,0,0,6680,0,6685
"2016-11-20 18:03:36,933",4,4,54,4,40,40,True,LinearRegression,32,32,200,0,0,6700,0,694
"2016-11-20 18:03:54,585",4,4,54,4,40,40,True,LinearRegression,32,32,200,0,0,6692,0,99
"2016-11-20 18:04:12,025",4,4,54,4,40,40,True,LinearRegression,32,32,200,0,19,18,24,10
"2016-11-20 18:04:29,849",4,4,54,4,40,40,True,LinearRegression,32,32,200,0,0,6713,5,52
"2016-11-20 18:04:47,484",4,4,54,4,40,40,True,LinearRegression,32,32,200,0,0,5453,0,2932
"2016-11-20 18:05:05,005",4,4,54,4,40,40,True,LinearRegression,32,32,200,0,0,6616,0,3929
"2016-11-20 18:05:22,572",4,4,54,4,40,40,True,LinearRegression,32,32,200,0,0,6668,9,41
"2016-11-20 18:05:39,940",4,4,54,4,40,40,True,LinearRegression,32,32,200,0,0,3451,0,4858
"2016-11-20 18:05:57,562",4,4,54,4,40,40,True,LinearRegression,32,32,200,0,0,4521,0,107
"2016-11-20 18:06:15,147",4,4,54,4,40,40,True,LinearRegression,32,32,200,0,13,27,1,63
"2016-11-20 18:06:32,895",4,4,54,4,40,40,True,LinearRegression,32,32,200,0,0,3710,0,6685
"2016-11-20 18:06:50,512",4,4,54,4,40,40,True,LinearRegression,32,32,200,0,0,3526,13,25
"2016-11-20 18:07:08,259",4,4,54,4,40,40,True,LinearRegression,32,32,200,0,0,6511,0,4180
"2016-11-20 18:07:26,181",4,4,54,4,40,40,True,LinearRegression,32,32,200,0,0,6256,0,150
"2016-11-20 18:07:43,913",4,4,54,4,40,40,True,LinearRegression,32,32,200,0,0,6386,0,144
"2016-11-20 18:08:01,628",4,4,54,4,40,40,True,LinearRegression,32,32,200,0,0,6664,0,3196
"2016-11-20 18:08:19,032",4,4,54,4,40,40,True,LinearRegression,32,32,200,0,0,2978,3,106
"2016-11-20 18:08:36,734",4,4,54,4,40,40,True,LinearRegression,32,32,200,0,0,6689,1,117
"2016-11-20 18:08:54,443",4,4,54,4,40,40,True,LinearRegression,32,32,200,0,0,6692,0,5020
"2016-11-20 18:09:12,325",4,4,54,4,40,40,True,LinearRegression,32,32,200,0,0,6677,0,6666
"2016-11-20 18:09:29,789",4,4,54,4,40,40,True,LinearRegression,32,32,200,0,0,6566,0,1209
"2016-11-20 18:09:48,138",4,4,54,4,40,40,True,LinearRegression,32,32,200,0,0,6489,0,151
"2016-11-20 18:10:05,944",4,4,54,4,40,40,True,LinearRegression,32,32,200,0,0,6576,2,91
"2016-11-20 18:10:23,930",4,4,54,4,40,40,True,LinearRegression,32,32,200,0,0,2870,0,127
"2016-11-20 18:10:42,180",4,4,54,4,40,40,True,LinearRegression,32,32,200,0,0,6645,0,5863
"2016-11-20 18:10:59,948",4,4,54,4,40,40,True,LinearRegression,32,32,200,0,0,6672,0,4082
"2016-11-20 18:11:17,637",4,4,54,4,40,40,True,LinearRegression,32,32,200,0,0,2463,0,3448
"2016-11-20 18:11:35,405",4,4,54,4,40,40,True,LinearRegression,32,32,200,0,0,2275,8,65
"2016-11-20 18:11:53,266",4,4,54,4,40,40,True,LinearRegression,32,32,200,0,0,5830,0,151
"2016-11-20 18:12:10,911",4,4,54,4,40,40,True,LinearRegression,32,32,200,0,0,4724,0,6286
"2016-11-20 18:12:28,707",4,4,54,4,40,40,True,LinearRegression,32,32,200,0,0,6382,0,6716
"2016-11-20 18:12:46,487",4,4,54,4,40,40,True,LinearRegression,32,32,200,0,0,6668,0,3698
"2016-11-20 18:13:04,226",4,4,54,4,40,40,True,LinearRegression,32,32,200,0,0,4705,0,140
"2016-11-20 18:13:23,069",4,4,54,4,40,40,True,LinearRegression,32,32,200,0,0,3332,3,98
"2016-11-20 18:13:44,342",4,4,54,4,40,40,True,LinearRegression,32,32,200,0,0,6114,0,158
"2016-11-20 18:14:05,338",4,4,54,4,40,40,True,LinearRegression,32,32,200,0,12,34,8,50
"2016-11-20 18:14:27,596",4,4,54,4,40,40,True,LinearRegression,32,32,200,0,0,6660,0,6440
"2016-11-20 18:14:50,615",4,4,54,4,40,40,True,LinearRegression,32,32,200,0,12,31,0,6659
"2016-11-20 18:15:08,766",4,4,54,4,40,40,True,LinearRegression,32,32,200,0,0,6052,0,257
"2016-11-20 18:15:26,755",4,4,54,4,40,40,True,LinearRegression,32,32,200,0,0,4307,1,115
"2016-11-20 18:15:44,750",4,4,54,4,40,40,True,LinearRegression,32,32,200,0,0,6694,0,159
"2016-11-20 18:16:02,901",4,4,54,4,40,40,True,LinearRegression,32,32,200,0,0,6664,0,6649
"2016-11-20 18:16:20,619",4,4,54,4,40,40,True,LinearRegression,32,32,200,0,0,4944,1,81
"2016-11-20 18:16:38,509",4,4,54,4,40,40,True,LinearRegression,32,32,200,0,14,25,0,432
"2016-11-20 18:16:56,526",4,4,54,4,40,40,True,LinearRegression,32,32,200,0,0,6656,0,4642
"2016-11-20 18:17:14,183",4,4,54,4,40,40,True,LinearRegression,32,32,200,0,0,6672,0,6680
"2016-11-20 18:17:32,665",4,4,54,4,40,40,True,LinearRegression,32,32,200,0,0,1179,0,2510
"2016-11-20 18:17:50,545",4,4,54,4,40,40,True,LinearRegression,32,32,200,0,0,894,0,4695
"2016-11-20 18:18:08,717",4,4,54,4,40,40,True,LinearRegression,32,32,200,0,0,3328,1,125
"2016-11-20 18:18:26,684",4,4,54,4,40,40,True,LinearRegression,32,32,200,0,22,13,23,11
"2016-11-20 18:18:44,483",4,4,54,4,40,40,True,LinearRegression,32,32,200,0,0,6696,0,119
"2016-11-20 18:19:02,295",4,4,54,4,40,40,True,LinearRegression,32,32,200,0,0,5075,0,3712
"2016-11-20 18:19:19,546",4,4,54,4,40,40,True,LinearRegression,32,32,200,0,0,6672,0,6669
"2016-11-20 18:19:38,717",4,4,54,4,40,40,True,LinearRegression,32,32,200,0,0,3239,0,126
"2016-11-20 18:19:57,631",4,4,54,4,40,40,True,LinearRegression,32,32,200,0,0,2884,2,74
"2016-11-20 18:20:15,276",4,4,54,4,40,40,True,LinearRegression,32,32,200,0,0,6516,0,156
"2016-11-20 18:20:33,269",4,4,54,4,40,40,True,LinearRegression,32,32,200,0,0,4908,0,137
"2016-11-20 18:20:51,316",4,4,54,4,40,40,True,LinearRegression,32,32,200,0,11,30,25,7
"2016-11-20 18:21:09,173",4,4,54,4,40,40,True,LinearRegression,32,32,200,0,0,6599,0,3631
"2016-11-20 18:21:26,861",4,4,54,4,40,40,True,LinearRegression,32,32,200,0,0,2629,0,6693
"2016-11-20 18:21:44,881",4,4,54,4,40,40,True,LinearRegression,32,32,200,0,18,15,6,53
"2016-11-20 18:22:02,467",4,4,54,4,40,40,True,LinearRegression,32,32,200,0,9,46,9,48
"2016-11-20 18:22:20,421",4,4,54,4,40,40,True,LinearRegression,32,32,200,0,0,6399,0,3474
"2016-11-20 18:22:38,394",4,4,54,4,40,40,True,LinearRegression,32,32,200,0,0,4750,0,697
"2016-11-20 18:22:56,141",4,4,54,4,40,40,True,LinearRegression,32,32,200,0,1,3513,19,17
"2016-11-20 18:23:13,805",4,4,54,4,40,40,True,LinearRegression,32,32,200,0,0,6671,0,6266
"2016-11-20 18:23:31,283",4,4,54,4,40,40,True,LinearRegression,32,32,200,0,0,6671,0,6677
"2016-11-20 18:23:49,019",4,4,54,4,40,40,True,LinearRegression,32,32,200,0,0,6656,0,6664
"2016-11-20 18:24:07,157",4,4,54,4,40,40,True,LinearRegression,32,32,200,0,0,6660,0,4683
"2016-11-20 18:24:24,568",4,4,54,4,40,40,True,LinearRegression,32,32,200,0,10,33,12,28
"2016-11-20 18:24:42,191",4,4,54,4,40,40,True,LinearRegression,32,32,200,0,0,6672,0,3633
"2016-11-20 18:24:59,934",4,4,54,4,40,40,True,LinearRegression,32,32,200,0,0,3592,0,6485
"2016-11-20 18:25:20,200",4,4,54,4,40,40,True,LinearRegression,32,32,200,0,0,6655,0,6343
"2016-11-20 18:25:38,311",4,4,54,4,40,40,True,LinearRegression,32,32,200,0,14,22,4,54
"2016-11-20 18:25:56,187",4,4,54,4,40,40,True,LinearRegression,32,32,200,0,0,6669,0,1727
"2016-11-20 18:26:13,775",4,4,54,4,40,40,True,LinearRegression,32,32,200,0,0,6725,0,151
"2016-11-20 18:26:31,489",4,4,54,4,40,40,True,LinearRegression,32,32,200,0,0,5381,0,110
"2016-11-20 18:26:49,684",4,4,54,4,40,40,True,LinearRegression,32,32,200,0,0,6673,0,2878
"2016-11-20 18:27:07,332",4,4,54,4,40,40,True,LinearRegression,32,32,200,0,13,23,0,364
"2016-11-20 18:27:25,068",4,4,54,4,40,40,True,LinearRegression,32,32,200,0,17,18,23,9
"2016-11-20 18:27:42,842",4,4,54,4,40,40,True,LinearRegression,32,32,200,0,0,6389,0,3517
"2016-11-20 18:28:00,628",4,4,54,4,40,40,True,LinearRegression,32,32,200,0,0,6400,1,136
"2016-11-20 18:28:21,186",4,4,54,4,40,40,True,LinearRegression,32,32,200,0,0,6656,0,6350
"2016-11-20 18:28:39,075",4,4,54,4,40,40,True,LinearRegression,32,32,200,0,18,16,0,91
"2016-11-20 18:28:56,703",4,4,54,4,40,40,True,LinearRegression,32,32,200,0,0,3535,0,135
"2016-11-20 18:29:15,992",4,4,54,4,40,40,True,LinearRegression,32,32,200,0,0,6667,7,45
"2016-11-20 18:29:34,278",4,4,54,4,40,40,True,LinearRegression,32,32,200,0,0,6679,0,6015
"2016-11-20 18:29:53,285",4,4,54,4,40,40,True,LinearRegression,32,32,200,0,0,6671,8,39
"2016-11-20 18:30:09,730",4,4,54,4,40,40,True,LinearRegression,32,32,200,0,0,2632,0,159
"2016-11-20 17:13:03,701",4,4,54,4,40,40,True,LinearRegression,32,32,200,0,0,3807,5,86
"2016-11-20 17:13:22,188",4,4,54,4,40,40,True,LinearRegression,32,32,200,0,0,6718,0,3054
"2016-11-20 17:13:42,101",4,4,54,4,40,40,True,LinearRegression,32,32,200,0,0,4301,1,101
"2016-11-20 17:14:01,826",4,4,54,4,40,40,True,LinearRegression,32,32,200,0,0,6611,1,140
"2016-11-20 17:14:21,099",4,4,54,4,40,40,True,LinearRegression,32,32,200,0,0,2581,6,50
"2016-11-20 17:14:39,785",4,4,54,4,40,40,True,LinearRegression,32,32,200,0,0,4188,5,102
"2016-11-20 17:14:57,816",4,4,54,4,40,40,True,LinearRegression,32,32,200,0,0,5307,1,144
"2016-11-20 17:15:15,845",4,4,54,4,40,40,True,LinearRegression,32,32,200,0,0,6691,0,2659
"2016-11-20 17:15:33,763",4,4,54,4,40,40,True,LinearRegression,32,32,200,0,10,44,0,5399
"2016-11-20 17:15:51,773",4,4,54,4,40,40,True,LinearRegression,32,32,200,0,0,6680,0,5302
"2016-11-20 17:16:09,348",4,4,54,4,40,40,True,LinearRegression,32,32,200,0,17,18,16,18
"2016-11-20 17:16:26,937",4,4,54,4,40,40,True,LinearRegression,32,32,200,0,14,29,1,76
"2016-11-20 17:16:45,115",4,4,54,4,40,40,True,LinearRegression,32,32,200,0,0,6679,0,3385
"2016-11-20 17:17:03,743",4,4,54,4,40,40,True,LinearRegression,32,32,200,0,0,1669,0,5391
"2016-11-20 17:17:22,520",4,4,54,4,40,40,True,LinearRegression,32,32,200,0,0,6426,2,92
"2016-11-20 17:17:40,887",4,4,54,4,40,40,True,LinearRegression,32,32,200,0,0,1998,4,68
"2016-11-20 17:17:59,723",4,4,54,4,40,40,True,LinearRegression,32,32,200,0,0,6505,0,5948
"2016-11-20 17:18:20,272",4,4,54,4,40,40,True,LinearRegression,32,32,200,0,0,5622,5,108
"2016-11-20 17:18:41,000",4,4,54,4,40,40,True,LinearRegression,32,32,200,0,0,6686,7,38
"2016-11-20 17:19:01,690",4,4,54,4,40,40,True,LinearRegression,32,32,200,0,0,4993,0,132
"2016-11-20 17:19:22,398",4,4,54,4,40,40,True,LinearRegression,32,32,200,0,0,6668,6,66
"2016-11-20 17:19:50,487",4,4,54,4,40,40,True,LinearRegression,32,32,200,0,0,6540,0,149
"2016-11-20 17:20:16,380",4,4,54,4,40,40,True,LinearRegression,32,32,200,0,15,38,21,13
"2016-11-20 17:20:42,963",4,4,54,4,40,40,True,LinearRegression,32,32,200,0,7,41,0,1078
"2016-11-20 17:21:03,203",4,4,54,4,40,40,True,LinearRegression,32,32,200,0,0,6694,0,121
"2016-11-20 17:21:21,095",4,4,54,4,40,40,True,LinearRegression,32,32,200,0,0,4299,2,85
"2016-11-20 17:21:39,331",4,4,54,4,40,40,True,LinearRegression,32,32,200,0,0,5483,0,135
"2016-11-20 17:21:57,461",4,4,54,4,40,40,True,LinearRegression,32,32,200,0,0,6685,6,49
"2016-11-20 17:22:16,736",4,4,54,4,40,40,True,LinearRegression,32,32,200,0,0,6675,8,72
"2016-11-20 17:22:34,436",4,4,54,4,40,40,True,LinearRegression,32,32,200,0,26,7,27,6
"2016-11-20 17:22:52,030",4,4,54,4,40,40,True,LinearRegression,32,32,200,0,13,23,0,237
"2016-11-20 17:23:10,479",4,4,54,4,40,40,True,LinearRegression,32,32,200,0,20,15,1,65
"2016-11-20 17:23:28,400",4,4,54,4,40,40,True,LinearRegression,32,32,200,0,17,17,0,6688
"2016-11-20 17:23:47,042",4,4,54,4,40,40,True,LinearRegression,32,32,200,0,0,6453,0,142
"2016-11-20 17:24:05,805",4,4,54,4,40,40,True,LinearRegression,32,32,200,0,0,4498,0,123
"2016-11-20 17:24:23,581",4,4,54,4,40,40,True,LinearRegression,32,32,200,0,17,21,0,6634
"2016-11-20 17:24:40,927",4,4,54,4,40,40,True,LinearRegression,32,32,200,0,11,32,0,6657
"2016-11-20 17:24:59,559",4,4,54,4,40,40,True,LinearRegression,32,32,200,0,9,48,8,54
"2016-11-20 17:25:19,789",4,4,54,4,40,40,True,LinearRegression,32,32,200,0,0,5226,1,95
"2016-11-20 17:25:39,147",4,4,54,4,40,40,True,LinearRegression,32,32,200,0,0,5399,0,4889
"2016-11-20 17:25:56,605",4,4,54,4,40,40,True,LinearRegression,32,32,200,0,21,15,0,6674
"2016-11-20 17:26:14,374",4,4,54,4,40,40,True,LinearRegression,32,32,200,0,0,4342,0,1365
"2016-11-20 17:26:33,311",4,4,54,4,40,40,True,LinearRegression,32,32,200,0,0,6669,0,6721
"2016-11-20 17:26:51,276",4,4,54,4,40,40,True,LinearRegression,32,32,200,0,10,48,0,6376
"2016-11-20 17:27:09,299",4,4,54,4,40,40,True,LinearRegression,32,32,200,0,0,6680,0,113
"2016-11-20 17:27:27,148",4,4,54,4,40,40,True,LinearRegression,32,32,200,0,0,6174,0,103
"2016-11-20 17:27:45,351",4,4,54,4,40,40,True,LinearRegression,32,32,200,0,0,3378,0,6261
"2016-11-20 17:28:02,947",4,4,54,4,40,40,True,LinearRegression,32,32,200,0,17,19,0,3553
"2016-11-20 17:28:21,013",4,4,54,4,40,40,True,LinearRegression,32,32,200,0,0,5461,0,6681
"2016-11-20 17:28:40,937",4,4,54,4,40,40,True,LinearRegression,32,32,200,0,0,6720,0,155
"2016-11-20 17:28:58,418",4,4,54,4,40,40,True,LinearRegression,32,32,200,0,1,3582,0,6560
"2016-11-20 17:29:16,311",4,4,54,4,40,40,True,LinearRegression,32,32,200,0,0,6681,0,6691
"2016-11-20 17:29:34,082",4,4,54,4,40,40,True,LinearRegression,32,32,200,0,0,6198,0,5228
"2016-11-20 17:29:52,003",4,4,54,4,40,40,True,LinearRegression,32,32,200,0,0,6686,0,2253
"2016-11-20 17:30:09,648",4,4,54,4,40,40,True,LinearRegression,32,32,200,0,23,9,23,9
"2016-11-20 17:30:27,194",4,4,54,4,40,40,True,LinearRegression,32,32,200,0,0,6601,0,127
"2016-11-20 17:30:45,637",4,4,54,4,40,40,True,LinearRegression,32,32,200,0,0,3502,0,3632
"2016-11-20 17:31:03,358",4,4,54,4,40,40,True,LinearRegression,32,32,200,0,0,6671,0,3788
"2016-11-20 17:31:20,867",4,4,54,4,40,40,True,LinearRegression,32,32,200,0,0,1438,4,51
"2016-11-20 17:31:38,414",4,4,54,4,40,40,True,LinearRegression,32,32,200,0,0,6523,0,146
"2016-11-20 17:31:56,990",4,4,54,4,40,40,True,LinearRegression,32,32,200,0,0,6666,9,35
"2016-11-20 17:32:14,499",4,4,54,4,40,40,True,LinearRegression,32,32,200,0,19,16,3,47
"2016-11-20 17:32:33,358",4,4,54,4,40,40,True,LinearRegression,32,32,200,0,9,35,6,46
"2016-11-20 17:32:51,418",4,4,54,4,40,40,True,LinearRegression,32,32,200,0,0,6589,0,157
"2016-11-20 17:33:09,456",4,4,54,4,40,40,True,LinearRegression,32,32,200,0,2,78,0,224
"2016-11-20 17:33:26,963",4,4,54,4,40,40,True,LinearRegression,32,32,200,0,0,6682,0,1882
"2016-11-20 17:33:44,894",4,4,54,4,40,40,True,LinearRegression,32,32,200,0,0,6666,4,54
"2016-11-20 17:34:02,496",4,4,54,4,40,40,True,LinearRegression,32,32,200,0,0,6682,0,144
"2016-11-20 17:34:20,489",4,4,54,4,40,40,True,LinearRegression,32,32,200,0,0,5981,0,3933
"2016-11-20 17:34:39,403",4,4,54,4,40,40,True,LinearRegression,32,32,200,0,0,6478,1,84
"2016-11-20 17:34:56,792",4,4,54,4,40,40,True,LinearRegression,32,32,200,0,0,1108,0,4597
"2016-11-20 17:35:14,911",4,4,54,4,40,40,True,LinearRegression,32,32,200,0,0,6663,0,6634
"2016-11-20 17:35:34,138",4,4,54,4,40,40,True,LinearRegression,32,32,200,0,0,3556,0,5470
"2016-11-20 17:35:55,315",4,4,54,4,40,40,True,LinearRegression,32,32,200,0,19,29,0,6669
"2016-11-20 17:36:15,947",4,4,54,4,40,40,True,LinearRegression,32,32,200,0,24,8,0,6672
"2016-11-20 17:36:36,428",4,4,54,4,40,40,True,LinearRegression,32,32,200,0,0,3409,0,6597
"2016-11-20 17:36:59,607",4,4,54,4,40,40,True,LinearRegression,32,32,200,0,15,20,0,307
"2016-11-20 17:37:23,292",4,4,54,4,40,40,True,LinearRegression,32,32,200,0,0,6682,0,6467
"2016-11-20 17:37:48,522",4,4,54,4,40,40,True,LinearRegression,32,32,200,0,0,6709,0,155
"2016-11-20 17:38:09,467",4,4,54,4,40,40,True,LinearRegression,32,32,200,0,0,6731,0,1283
"2016-11-20 17:38:31,394",4,4,54,4,40,40,True,LinearRegression,32,32,200,0,0,6676,0,6700
"2016-11-20 17:38:53,398",4,4,54,4,40,40,True,LinearRegression,32,32,200,0,0,6199,0,140
"2016-11-20 17:39:13,996",4,4,54,4,40,40,True,LinearRegression,32,32,200,0,0,6672,0,6687
"2016-11-20 17:39:35,203",4,4,54,4,40,40,True,LinearRegression,32,32,200,0,11,37,0,5130
"2016-11-20 17:39:55,878",4,4,54,4,40,40,True,LinearRegression,32,32,200,0,8,38,0,362
"2016-11-20 17:40:16,507",4,4,54,4,40,40,True,LinearRegression,32,32,200,0,0,6667,1,134
"2016-11-20 17:40:37,102",4,4,54,4,40,40,True,LinearRegression,32,32,200,0,12,28,14,18
"2016-11-20 17:40:59,967",4,4,54,4,40,40,True,LinearRegression,32,32,200,0,0,6725,0,6182
"2016-11-20 17:41:21,318",4,4,54,4,40,40,True,LinearRegression,32,32,200,0,18,24,16,40
"2016-11-20 17:41:42,013",4,4,54,4,40,40,True,LinearRegression,32,32,200,0,17,20,28,5
"2016-11-20 17:42:03,438",4,4,54,4,40,40,True,LinearRegression,32,32,200,0,0,6667,0,2940
"2016-11-20 17:42:24,641",4,4,54,4,40,40,True,LinearRegression,32,32,200,0,0,6672,6,40
"2016-11-20 17:42:43,805",4,4,54,4,40,40,True,LinearRegression,32,32,200,0,0,5011,0,148
"2016-11-20 17:43:03,081",4,4,54,4,40,40,True,LinearRegression,32,32,200,0,0,6662,0,6669
"2016-11-20 17:43:21,193",4,4,54,4,40,40,True,LinearRegression,32,32,200,0,8,44,0,65
"2016-11-20 17:43:38,969",4,4,54,4,40,40,True,LinearRegression,32,32,200,0,0,6729,0,69
"2016-11-20 17:43:57,982",4,4,54,4,40,40,True,LinearRegression,32,32,200,0,0,6390,0,137
"2016-11-20 17:44:16,003",4,4,54,4,40,40,True,LinearRegression,32,32,200,0,0,6675,11,38
"2016-11-20 17:44:34,003",4,4,54,4,40,40,True,LinearRegression,32,32,200,0,0,5305,0,5095
"2016-11-20 17:44:52,104",4,4,54,4,40,40,True,LinearRegression,32,32,200,0,0,5473,3,104
"2016-11-20 17:45:10,421",4,4,54,4,40,40,True,LinearRegression,32,32,200,0,12,26,0,6672
"2016-11-20 17:45:27,907",4,4,54,4,40,40,True,LinearRegression,32,32,200,0,15,23,20,15
"2016-11-20 17:45:46,664",4,4,54,4,40,40,True,LinearRegression,32,32,200,0,17,18,0,404
"2016-11-20 17:46:05,582",4,4,54,4,40,40,True,LinearRegression,32,32,200,0,0,6341,0,2608
"2016-11-20 17:46:23,676",4,4,54,4,40,40,True,LinearRegression,32,32,200,0,0,6173,0,1250
"2016-11-20 17:46:42,348",4,4,54,4,40,40,True,LinearRegression,32,32,200,0,0,6663,0,6683
"2016-11-20 17:47:01,832",4,4,54,4,40,40,True,LinearRegression,32,32,200,0,0,6064,0,145
"2016-11-20 17:47:19,312",4,4,54,4,40,40,True,LinearRegression,32,32,200,0,0,3373,0,753
"2016-11-20 17:47:38,197",4,4,54,4,40,40,True,LinearRegression,32,32,200,0,0,2234,0,1003
"2016-11-20 17:47:55,773",4,4,54,4,40,40,True,LinearRegression,32,32,200,0,0,6672,0,2391
"2016-11-20 17:48:13,838",4,4,54,4,40,40,True,LinearRegression,32,32,200,0,0,6670,5,52
"2016-11-20 17:48:31,773",4,4,54,4,40,40,True,LinearRegression,32,32,200,0,0,4612,0,126
"2016-11-20 17:48:49,180",4,4,54,4,40,40,True,LinearRegression,32,32,200,0,0,6691,3,111
"2016-11-20 17:49:07,105",4,4,54,4,40,40,True,LinearRegression,32,32,200,0,7,47,24,9
"2016-11-20 17:49:25,108",4,4,54,4,40,40,True,LinearRegression,32,32,200,0,0,4627,0,155
"2016-11-20 17:49:42,631",4,4,54,4,40,40,True,LinearRegression,32,32,200,0,0,6698,0,160
"2016-11-20 17:50:00,232",4,4,54,4,40,40,True,LinearRegression,32,32,200,0,10,37,0,124
"2016-11-20 17:50:18,151",4,4,54,4,40,40,True,LinearRegression,32,32,200,0,0,5191,0,137
"2016-11-20 17:50:35,693",4,4,54,4,40,40,True,LinearRegression,32,32,200,0,0,6699,0,160
"2016-11-20 17:50:55,020",4,4,54,4,40,40,True,LinearRegression,32,32,200,0,0,6681,7,36
"2016-11-20 17:51:12,989",4,4,54,4,40,40,True,LinearRegression,32,32,200,0,0,5190,0,6635
"2016-11-20 17:51:30,665",4,4,54,4,40,40,True,LinearRegression,32,32,200,0,0,6334,0,6615
"2016-11-20 17:51:48,081",4,4,54,4,40,40,True,LinearRegression,32,32,200,0,0,4631,10,31
"2016-11-20 17:52:05,494",4,4,54,4,40,40,True,LinearRegression,32,32,200,0,0,5447,0,3853
"2016-11-20 17:52:24,164",4,4,54,4,40,40,True,LinearRegression,32,32,200,0,0,4107,0,6665
"2016-11-20 17:52:42,128",4,4,54,4,40,40,True,LinearRegression,32,32,200,0,0,4438,0,3903
"2016-11-20 17:52:59,631",4,4,54,4,40,40,True,LinearRegression,32,32,200,0,0,5361,0,4958
"2016-11-20 17:53:17,381",4,4,54,4,40,40,True,LinearRegression,32,32,200,0,17,19,19,18
"2016-11-20 17:53:35,362",4,4,54,4,40,40,True,LinearRegression,32,32,200,0,0,2167,0,2896
"2016-11-20 17:53:53,134",4,4,54,4,40,40,True,LinearRegression,32,32,200,0,0,6670,0,6672
"2016-11-20 17:54:12,151",4,4,54,4,40,40,True,LinearRegression,32,32,200,0,10,37,0,6689
"2016-11-20 17:54:30,259",4,4,54,4,40,40,True,LinearRegression,32,32,200,0,20,19,0,161
"2016-11-20 17:54:48,161",4,4,54,4,40,40,True,LinearRegression,32,32,200,0,0,6544,1,106
"2016-11-20 17:55:06,140",4,4,54,4,40,40,True,LinearRegression,32,32,200,0,16,21,22,13
"2016-11-20 17:55:24,349",4,4,54,4,40,40,True,LinearRegression,32,32,200,0,0,6680,9,32
"2016-11-20 17:55:42,242",4,4,54,4,40,40,True,LinearRegression,32,32,200,0,0,6667,2,108
"2016-11-20 17:55:59,841",4,4,54,4,40,40,True,LinearRegression,32,32,200,0,0,6055,0,5391
"2016-11-20 17:56:18,792",4,4,54,4,40,40,True,LinearRegression,32,32,200,0,15,18,21,11
"2016-11-20 17:56:38,395",4,4,54,4,40,40,True,LinearRegression,32,32,200,0,0,1571,0,1302
"2016-11-20 17:56:56,088",4,4,54,4,40,40,True,LinearRegression,32,32,200,0,0,6672,0,2532
"2016-11-20 17:57:14,038",4,4,54,4,40,40,True,LinearRegression,32,32,200,0,13,38,0,248
"2016-11-20 17:57:31,426",4,4,54,4,40,40,True,LinearRegression,32,32,200,0,0,6721,0,478
"2016-11-20 17:57:50,068",4,4,54,4,40,40,True,LinearRegression,32,32,200,0,0,5392,8,33
"2016-11-20 17:58:08,099",4,4,54,4,40,40,True,LinearRegression,32,32,200,0,0,1103,12,41
"2016-11-20 17:58:25,674",4,4,54,4,40,40,True,LinearRegression,32,32,200,0,15,27,24,9
"2016-11-20 17:58:43,450",4,4,54,4,40,40,True,LinearRegression,32,32,200,0,0,5641,0,5329
"2016-11-20 17:59:01,102",4,4,54,4,40,40,True,LinearRegression,32,32,200,0,0,5279,0,6700
"2016-11-20 17:59:18,907",4,4,54,4,40,40,True,LinearRegression,32,32,200,0,0,3551,3,83
"2016-11-20 17:59:36,579",4,4,54,4,40,40,True,LinearRegression,32,32,200,0,0,6670,2,74
"2016-11-20 17:59:54,150",4,4,54,4,40,40,True,LinearRegression,32,32,200,0,0,4804,5,116
"2016-11-20 18:00:11,785",4,4,54,4,40,40,True,LinearRegression,32,32,200,0,0,2431,5,73
"2016-11-20 18:00:29,644",4,4,54,4,40,40,True,LinearRegression,32,32,200,0,0,5885,0,6717
"2016-11-20 18:00:47,819",4,4,54,4,40,40,True,LinearRegression,32,32,200,0,11,41,0,6673
"2016-11-20 18:01:05,436",4,4,54,4,40,40,True,LinearRegression,32,32,200,0,0,6661,17,19
"2016-11-20 18:01:23,269",4,4,54,4,40,40,True,LinearRegression,32,32,200,0,0,6671,0,6695
"2016-11-20 18:01:41,075",4,4,54,4,40,40,True,LinearRegression,32,32,200,0,0,6686,4,53
"2016-11-20 18:01:58,871",4,4,54,4,40,40,True,LinearRegression,32,32,200,0,0,5497,1,107
"2016-11-20 18:02:16,875",4,4,54,4,40,40,True,LinearRegression,32,32,200,0,0,6410,3,109
"2016-11-20 18:02:34,605",4,4,54,4,40,40,True,LinearRegression,32,32,200,0,18,17,0,3304
"2016-11-20 18:02:52,506",4,4,54,4,40,40,True,LinearRegression,32,32,200,0,0,4097,0,6037
"2016-11-20 18:03:10,226",4,4,54,4,40,40,True,LinearRegression,32,32,200,0,0,5437,0,4594
"2016-11-20 18:03:28,276",4,4,54,4,40,40,True,LinearRegression,32,32,200,0,18,17,0,346
"2016-11-20 18:03:45,796",4,4,54,4,40,40,True,LinearRegression,32,32,200,0,10,44,0,6676
"2016-11-20 18:04:03,223",4,4,54,4,40,40,True,LinearRegression,32,32,200,0,0,6672,0,131
"2016-11-20 18:04:20,744",4,4,54,4,40,40,True,LinearRegression,32,32,200,0,0,6630,0,148
"2016-11-20 18:04:38,476",4,4,54,4,40,40,True,LinearRegression,32,32,200,0,0,6699,0,4244
"2016-11-20 18:04:56,273",4,4,54,4,40,40,True,LinearRegression,32,32,200,0,10,48,0,6672
"2016-11-20 18:05:13,951",4,4,54,4,40,40,True,LinearRegression,32,32,200,0,0,5504,0,160
"2016-11-20 18:05:31,338",4,4,54,4,40,40,True,LinearRegression,32,32,200,0,0,6584,0,117
"2016-11-20 18:05:48,907",4,4,54,4,40,40,True,LinearRegression,32,32,200,0,0,5948,0,6752
"2016-11-20 18:06:06,236",4,4,54,4,40,40,True,LinearRegression,32,32,200,0,0,4383,0,6520
"2016-11-20 18:06:24,078",4,4,54,4,40,40,True,LinearRegression,32,32,200,0,0,6614,0,3466
"2016-11-20 18:06:41,653",4,4,54,4,40,40,True,LinearRegression,32,32,200,0,0,6449,0,5182
"2016-11-20 18:06:59,467",4,4,54,4,40,40,True,LinearRegression,32,32,200,0,16,24,0,6604
"2016-11-20 18:07:17,124",4,4,54,4,40,40,True,LinearRegression,32,32,200,0,0,4522,0,4535
"2016-11-20 18:07:34,766",4,4,54,4,40,40,True,LinearRegression,32,32,200,0,15,34,0,6679
"2016-11-20 18:07:52,703",4,4,54,4,40,40,True,LinearRegression,32,32,200,0,0,6676,0,5547
"2016-11-20 18:08:10,299",4,4,54,4,40,40,True,LinearRegression,32,32,200,0,0,6678,0,347
"2016-11-20 18:08:27,937",4,4,54,4,40,40,True,LinearRegression,32,32,200,0,0,5519,0,160
"2016-11-20 18:08:45,533",4,4,54,4,40,40,True,LinearRegression,32,32,200,0,0,6211,1,127
"2016-11-20 18:09:03,552",4,4,54,4,40,40,True,LinearRegression,32,32,200,0,6,35,9,31
"2016-11-20 18:09:21,071",4,4,54,4,40,40,True,LinearRegression,32,32,200,0,0,6645,1,3370
"2016-11-20 18:09:39,108",4,4,54,4,40,40,True,LinearRegression,32,32,200,0,0,970,4,77
"2016-11-20 18:09:57,232",4,4,54,4,40,40,True,LinearRegression,32,32,200,0,22,15,0,296
"2016-11-20 18:10:15,049",4,4,54,4,40,40,True,LinearRegression,32,32,200,0,0,6708,7,82
"2016-11-20 18:10:32,915",4,4,54,4,40,40,True,LinearRegression,32,32,200,0,0,6675,0,6595
"2016-11-20 18:10:51,095",4,4,54,4,40,40,True,LinearRegression,32,32,200,0,14,28,10,38
"2016-11-20 18:11:08,730",4,4,54,4,40,40,True,LinearRegression,32,32,200,0,0,6689,0,116
"2016-11-20 18:11:26,591",4,4,54,4,40,40,True,LinearRegression,32,32,200,0,0,6688,0,6698
"2016-11-20 18:11:44,492",4,4,54,4,40,40,True,LinearRegression,32,32,200,0,0,3758,0,118
"2016-11-20 18:12:02,262",4,4,54,4,40,40,True,LinearRegression,32,32,200,0,0,1660,7,57
"2016-11-20 18:12:19,536",4,4,54,4,40,40,True,LinearRegression,32,32,200,0,18,15,0,185
"2016-11-20 18:12:37,463",4,4,54,4,40,40,True,LinearRegression,32,32,200,0,0,5221,4,112
"2016-11-20 18:12:55,459",4,4,54,4,40,40,True,LinearRegression,32,32,200,0,3,65,0,2229
"2016-11-20 18:13:13,049",4,4,54,4,40,40,True,LinearRegression,32,32,200,0,0,6555,0,4265
"2016-11-20 18:13:34,069",4,4,54,4,40,40,True,LinearRegression,32,32,200,0,0,6612,1,132
"2016-11-20 18:13:54,778",4,4,54,4,40,40,True,LinearRegression,32,32,200,0,16,24,0,618
"2016-11-20 18:14:17,792",4,4,54,4,40,40,True,LinearRegression,32,32,200,0,0,2731,1,137
"2016-11-20 18:14:37,517",4,4,54,4,40,40,True,LinearRegression,32,32,200,0,0,6683,0,1977
"2016-11-20 18:15:00,072",4,4,54,4,40,40,True,LinearRegression,32,32,200,0,0,3439,5,72
"2016-11-20 18:15:18,150",4,4,54,4,40,40,True,LinearRegression,32,32,200,0,0,4737,0,3465
"2016-11-20 18:15:36,007",4,4,54,4,40,40,True,LinearRegression,32,32,200,0,0,6687,0,966
"2016-11-20 18:15:54,051",4,4,54,4,40,40,True,LinearRegression,32,32,200,0,0,5790,0,151
"2016-11-20 18:16:11,885",4,4,54,4,40,40,True,LinearRegression,32,32,200,0,0,6583,0,130
"2016-11-20 18:16:29,844",4,4,54,4,40,40,True,LinearRegression,32,32,200,0,0,6719,0,6650
"2016-11-20 18:16:47,746",4,4,54,4,40,40,True,LinearRegression,32,32,200,0,0,6668,8,44
"2016-11-20 18:17:05,586",4,4,54,4,40,40,True,LinearRegression,32,32,200,0,14,23,0,159
"2016-11-20 18:17:23,842",4,4,54,4,40,40,True,LinearRegression,32,32,200,0,0,6652,0,3079
"2016-11-20 18:17:42,039",4,4,54,4,40,40,True,LinearRegression,32,32,200,0,0,2369,0,137
"2016-11-20 18:17:59,915",4,4,54,4,40,40,True,LinearRegression,32,32,200,0,0,6725,0,2038
"2016-11-20 18:18:17,921",4,4,54,4,40,40,True,LinearRegression,32,32,200,0,21,14,27,5
"2016-11-20 18:18:35,857",4,4,54,4,40,40,True,LinearRegression,32,32,200,0,0,3373,9,44
"2016-11-20 18:18:53,525",4,4,54,4,40,40,True,LinearRegression,32,32,200,0,0,6666,0,6582
"2016-11-20 18:19:11,131",4,4,54,4,40,40,True,LinearRegression,32,32,200,0,0,5531,0,2986
"2016-11-20 18:19:29,674",4,4,54,4,40,40,True,LinearRegression,32,32,200,0,0,585,2,145
"2016-11-20 18:19:48,029",4,4,54,4,40,40,True,LinearRegression,32,32,200,0,0,6520,0,5882
"2016-11-20 18:20:06,572",4,4,54,4,40,40,True,LinearRegression,32,32,200,0,0,5891,0,3404
"2016-11-20 18:20:24,278",4,4,54,4,40,40,True,LinearRegression,32,32,200,0,0,4248,0,4567
"2016-11-20 18:20:42,431",4,4,54,4,40,40,True,LinearRegression,32,32,200,0,0,3231,0,142
"2016-11-20 18:21:00,292",4,4,54,4,40,40,True,LinearRegression,32,32,200,0,0,3502,0,132
"2016-11-20 18:21:18,088",4,4,54,4,40,40,True,LinearRegression,32,32,200,0,13,26,0,6656
"2016-11-20 18:21:35,815",4,4,54,4,40,40,True,LinearRegression,32,32,200,0,0,3578,0,6681
"2016-11-20 18:21:53,776",4,4,54,4,40,40,True,LinearRegression,32,32,200,0,0,3149,0,6673
"2016-11-20 18:22:11,387",4,4,54,4,40,40,True,LinearRegression,32,32,200,0,0,6676,0,6670
"2016-11-20 18:22:29,092",4,4,54,4,40,40,True,LinearRegression,32,32,200,0,8,46,0,6681
"2016-11-20 18:22:47,237",4,4,54,4,40,40,True,LinearRegression,32,32,200,0,0,6683,0,154
"2016-11-20 18:23:04,805",4,4,54,4,40,40,True,LinearRegression,32,32,200,0,0,6682,0,6660
"2016-11-20 18:23:22,552",4,4,54,4,40,40,True,LinearRegression,32,32,200,0,0,1158,0,3398
"2016-11-20 18:23:39,956",4,4,54,4,40,40,True,LinearRegression,32,32,200,0,0,2983,0,657
"2016-11-20 18:23:57,701",4,4,54,4,40,40,True,LinearRegression,32,32,200,0,17,20,1,77
"2016-11-20 18:24:15,967",4,4,54,4,40,40,True,LinearRegression,32,32,200,0,11,40,0,6672
"2016-11-20 18:24:33,348",4,4,54,4,40,40,True,LinearRegression,32,32,200,0,0,4211,1,131
"2016-11-20 18:24:51,249",4,4,54,4,40,40,True,LinearRegression,32,32,200,0,0,5072,1,126
"2016-11-20 18:25:09,009",4,4,54,4,40,40,True,LinearRegression,32,32,200,0,19,18,17,22
"2016-11-20 18:25:29,453",4,4,54,4,40,40,True,LinearRegression,32,32,200,0,4,54,0,224
"2016-11-20 18:25:47,611",4,4,54,4,40,40,True,LinearRegression,32,32,200,0,0,6635,0,4891
"2016-11-20 18:26:05,440",4,4,54,4,40,40,True,LinearRegression,32,32,200,0,0,3622,8,44
"2016-11-20 18:26:22,917",4,4,54,4,40,40,True,LinearRegression,32,32,200,0,0,6666,0,5820
"2016-11-20 18:26:40,829",4,4,54,4,40,40,True,LinearRegression,32,32,200,0,0,6672,11,35
"2016-11-20 18:26:58,769",4,4,54,4,40,40,True,LinearRegression,32,32,200,0,0,6090,0,1652
"2016-11-20 18:27:16,496",4,4,54,4,40,40,True,LinearRegression,32,32,200,0,17,23,0,601
"2016-11-20 18:27:34,137",4,4,54,4,40,40,True,LinearRegression,32,32,200,0,0,3357,0,6673
"2016-11-20 18:27:51,915",4,4,54,4,40,40,True,LinearRegression,32,32,200,0,0,6665,0,6689
"2016-11-20 18:28:10,010",4,4,54,4,40,40,True,LinearRegression,32,32,200,0,0,6672,0,6657
"2016-11-20 18:28:30,400",4,4,54,4,40,40,True,LinearRegression,32,32,200,0,0,6083,0,3060
"2016-11-20 18:28:48,160",4,4,54,4,40,40,True,LinearRegression,32,32,200,0,0,4554,0,158
"2016-11-20 18:29:06,063",4,4,54,4,40,40,True,LinearRegression,32,32,200,0,0,6658,0,6671
"2016-11-20 18:29:25,733",4,4,54,4,40,40,True,LinearRegression,32,32,200,0,0,6672,0,320
"2016-11-20 18:29:43,977",4,4,54,4,40,40,True,LinearRegression,32,32,200,0,0,6673,0,1972
