"2016-11-21 02:50:19,705",I,R,Rule,Input size,Input area,Automaton size,Concat before,Estimator,Training sets,Testing sets,Distractor period,Point (success),R1 correct,R1 wrong bits,R2 correct,R2 wrong bits
"2016-11-21 02:50:25,458",4,4,105,4,40,40,True,LinearRegression,32,32,200,0,26,6,26,6
"2016-11-21 02:50:31,821",4,4,105,4,40,40,True,LinearRegression,32,32,200,0,1,67,13,22
"2016-11-21 02:50:38,553",4,4,105,4,40,40,True,LinearRegression,32,32,200,0,13,23,16,24
"2016-11-21 02:50:44,840",4,4,105,4,40,40,True,LinearRegression,32,32,200,0,20,14,20,13
"2016-11-21 02:50:51,815",4,4,105,4,40,40,True,LinearRegression,32,32,200,0,18,15,19,13
"2016-11-21 02:50:59,105",4,4,105,4,40,40,True,LinearRegression,32,32,200,0,0,78,9,34
"2016-11-21 02:51:05,847",4,4,105,4,40,40,True,LinearRegression,32,32,200,0,0,160,2,68
"2016-11-21 02:51:12,928",4,4,105,4,40,40,True,LinearRegression,32,32,200,0,25,8,28,5
"2016-11-21 02:51:20,088",4,4,105,4,40,40,True,LinearRegression,32,32,200,0,0,97,5,50
"2016-11-21 02:51:25,821",4,4,105,4,40,40,True,LinearRegression,32,32,200,1,32,0,32,0
"2016-11-21 02:51:33,880",4,4,105,4,40,40,True,LinearRegression,32,32,200,1,32,0,32,0
"2016-11-21 02:51:40,824",4,4,105,4,40,40,True,LinearRegression,32,32,200,0,15,18,20,13
"2016-11-21 02:51:47,294",4,4,105,4,40,40,True,LinearRegression,32,32,200,0,29,3,29,3
"2016-11-21 02:51:54,061",4,4,105,4,40,40,True,LinearRegression,32,32,200,0,0,160,0,96
"2016-11-21 02:52:00,745",4,4,105,4,40,40,True,LinearRegression,32,32,200,1,32,0,32,0
"2016-11-21 02:52:07,411",4,4,105,4,40,40,True,LinearRegression,32,32,200,0,24,9,26,7
"2016-11-21 02:52:14,365",4,4,105,4,40,40,True,LinearRegression,32,32,200,0,26,7,26,7
"2016-11-21 02:52:20,857",4,4,105,4,40,40,True,LinearRegression,32,32,200,0,17,15,19,13
"2016-11-21 02:52:27,817",4,4,105,4,40,40,True,LinearRegression,32,32,200,0,8,36,20,12
"2016-11-21 02:52:35,069",4,4,105,4,40,40,True,LinearRegression,32,32,200,0,0,56,23,9
"2016-11-21 02:52:41,790",4,4,105,4,40,40,True,LinearRegression,32,32,200,1,32,0,32,0
"2016-11-21 02:52:48,602",4,4,105,4,40,40,True,LinearRegression,32,32,200,0,2,73,21,16
"2016-11-21 02:52:55,486",4,4,105,4,40,40,True,LinearRegression,32,32,200,0,21,12,21,11
"2016-11-21 02:53:02,567",4,4,105,4,40,40,True,LinearRegression,32,32,200,0,29,3,29,3
"2016-11-21 02:53:09,085",4,4,105,4,40,40,True,LinearRegression,32,32,200,0,29,3,29,3
"2016-11-21 02:53:15,933",4,4,105,4,40,40,True,LinearRegression,32,32,200,0,8,29,12,28
"2016-11-21 02:53:23,364",4,4,105,4,40,40,True,LinearRegression,32,32,200,0,15,19,15,19
"2016-11-21 02:53:30,297",4,4,105,4,40,40,True,LinearRegression,32,32,200,0,25,7,25,7
"2016-11-21 02:53:37,230",4,4,105,4,40,40,True,LinearRegression,32,32,200,0,4,44,11,27
"2016-11-21 02:53:44,142",4,4,105,4,40,40,True,LinearRegression,32,32,200,0,0,98,8,38
"2016-11-21 02:53:50,878",4,4,105,4,40,40,True,LinearRegression,32,32,200,0,14,19,31,1
"2016-11-21 02:53:57,783",4,4,105,4,40,40,True,LinearRegression,32,32,200,0,12,23,24,9
"2016-11-21 02:54:04,607",4,4,105,4,40,40,True,LinearRegression,32,32,200,0,11,30,22,10
"2016-11-21 02:54:11,324",4,4,105,4,40,40,True,LinearRegression,32,32,200,0,23,9,23,9
"2016-11-21 02:54:18,060",4,4,105,4,40,40,True,LinearRegression,32,32,200,0,15,19,18,17
"2016-11-21 02:54:24,535",4,4,105,4,40,40,True,LinearRegression,32,32,200,0,21,13,25,8
"2016-11-21 02:54:31,088",4,4,105,4,40,40,True,LinearRegression,32,32,200,0,17,19,29,4
"2016-11-21 02:54:37,417",4,4,105,4,40,40,True,LinearRegression,32,32,200,1,32,0,32,0
"2016-11-21 02:54:44,258",4,4,105,4,40,40,True,LinearRegression,32,32,200,0,23,9,23,9
"2016-11-21 02:54:50,675",4,4,105,4,40,40,True,LinearRegression,32,32,200,0,31,1,31,1
"2016-11-21 02:54:57,533",4,4,105,4,40,40,True,LinearRegression,32,32,200,0,3,48,18,15
"2016-11-21 02:55:04,757",4,4,105,4,40,40,True,LinearRegression,32,32,200,1,16,16,32,0
"2016-11-21 02:55:11,776",4,4,105,4,40,40,True,LinearRegression,32,32,200,1,32,0,32,0
"2016-11-21 02:55:18,329",4,4,105,4,40,40,True,LinearRegression,32,32,200,0,14,22,16,18
"2016-11-21 02:55:25,775",4,4,105,4,40,40,True,LinearRegression,32,32,200,0,15,18,30,2
"2016-11-21 02:55:32,537",4,4,105,4,40,40,True,LinearRegression,32,32,200,1,16,16,32,0
"2016-11-21 02:55:39,151",4,4,105,4,40,40,True,LinearRegression,32,32,200,0,0,93,18,20
"2016-11-21 02:55:45,963",4,4,105,4,40,40,True,LinearRegression,32,32,200,0,0,135,1,73
"2016-11-21 02:55:52,649",4,4,105,4,40,40,True,LinearRegression,32,32,200,0,0,117,5,45
"2016-11-21 02:55:59,600",4,4,105,4,40,40,True,LinearRegression,32,32,200,0,0,49,15,17
"2016-11-21 02:56:06,007",4,4,105,4,40,40,True,LinearRegression,32,32,200,0,31,1,31,1
"2016-11-21 02:56:13,033",4,4,105,4,40,40,True,LinearRegression,32,32,200,0,10,31,23,9
"2016-11-21 02:56:19,150",4,4,105,4,40,40,True,LinearRegression,32,32,200,1,28,4,32,0
"2016-11-21 02:56:25,373",4,4,105,4,40,40,True,LinearRegression,32,32,200,0,11,24,7,32
"2016-11-21 02:56:31,780",4,4,105,4,40,40,True,LinearRegression,32,32,200,1,15,18,32,0
"2016-11-21 02:56:40,142",4,4,105,4,40,40,True,LinearRegression,32,32,200,1,32,0,32,0
"2016-11-21 02:56:46,908",4,4,105,4,40,40,True,LinearRegression,32,32,200,0,0,126,2,65
"2016-11-21 02:56:53,879",4,4,105,4,40,40,True,LinearRegression,32,32,200,0,5,36,9,33
"2016-11-21 02:57:00,863",4,4,105,4,40,40,True,LinearRegression,32,32,200,0,1,74,11,32
"2016-11-21 02:57:07,863",4,4,105,4,40,40,True,LinearRegression,32,32,200,0,20,12,22,11
"2016-11-21 02:57:14,361",4,4,105,4,40,40,True,LinearRegression,32,32,200,1,32,0,32,0
"2016-11-21 02:57:20,898",4,4,105,4,40,40,True,LinearRegression,32,32,200,0,0,151,3,64
"2016-11-21 02:57:27,319",4,4,105,4,40,40,True,LinearRegression,32,32,200,0,16,16,14,18
"2016-11-21 02:57:34,143",4,4,105,4,40,40,True,LinearRegression,32,32,200,0,0,62,10,27
"2016-11-21 02:57:40,792",4,4,105,4,40,40,True,LinearRegression,32,32,200,0,0,112,11,31
"2016-11-21 02:57:47,568",4,4,105,4,40,40,True,LinearRegression,32,32,200,0,0,137,7,44
"2016-11-21 02:57:54,362",4,4,105,4,40,40,True,LinearRegression,32,32,200,0,0,107,7,35
"2016-11-21 02:58:01,148",4,4,105,4,40,40,True,LinearRegression,32,32,200,0,0,158,5,53
"2016-11-21 02:58:08,052",4,4,105,4,40,40,True,LinearRegression,32,32,200,1,32,0,32,0
"2016-11-21 02:58:14,521",4,4,105,4,40,40,True,LinearRegression,32,32,200,1,32,0,32,0
"2016-11-21 02:58:21,152",4,4,105,4,40,40,True,LinearRegression,32,32,200,0,20,12,30,2
"2016-11-21 02:58:28,356",4,4,105,4,40,40,True,LinearRegression,32,32,200,0,16,17,16,16
"2016-11-21 02:58:35,798",4,4,105,4,40,40,True,LinearRegression,32,32,200,1,32,0,32,0
"2016-11-21 02:58:42,552",4,4,105,4,40,40,True,LinearRegression,32,32,200,0,14,20,6,28
"2016-11-21 02:58:48,991",4,4,105,4,40,40,True,LinearRegression,32,32,200,1,16,16,32,0
"2016-11-21 02:58:55,347",4,4,105,4,40,40,True,LinearRegression,32,32,200,0,18,15,18,15
"2016-11-21 02:59:02,016",4,4,105,4,40,40,True,LinearRegression,32,32,200,0,16,16,12,20
"2016-11-21 02:59:08,399",4,4,105,4,40,40,True,LinearRegression,32,32,200,0,12,26,27,5
"2016-11-21 02:59:14,880",4,4,105,4,40,40,True,LinearRegression,32,32,200,1,32,0,32,0
"2016-11-21 02:59:21,773",4,4,105,4,40,40,True,LinearRegression,32,32,200,0,12,20,26,6
"2016-11-21 02:59:28,218",4,4,105,4,40,40,True,LinearRegression,32,32,200,0,16,17,14,19
"2016-11-21 02:59:35,184",4,4,105,4,40,40,True,LinearRegression,32,32,200,0,13,27,13,23
"2016-11-21 02:59:41,854",4,4,105,4,40,40,True,LinearRegression,32,32,200,0,28,4,29,3
"2016-11-21 02:59:48,262",4,4,105,4,40,40,True,LinearRegression,32,32,200,0,6,40,17,17
"2016-11-21 02:59:56,494",4,4,105,4,40,40,True,LinearRegression,32,32,200,0,8,40,26,6
"2016-11-21 03:00:03,778",4,4,105,4,40,40,True,LinearRegression,32,32,200,0,9,38,18,23
"2016-11-21 03:00:10,325",4,4,105,4,40,40,True,LinearRegression,32,32,200,1,8,32,32,0
"2016-11-21 03:00:16,953",4,4,105,4,40,40,True,LinearRegression,32,32,200,0,20,14,24,10
"2016-11-21 03:00:23,947",4,4,105,4,40,40,True,LinearRegression,32,32,200,0,8,31,23,9
"2016-11-21 03:00:30,798",4,4,105,4,40,40,True,LinearRegression,32,32,200,0,15,18,29,4
"2016-11-21 03:00:37,517",4,4,105,4,40,40,True,LinearRegression,32,32,200,0,4,48,13,20
"2016-11-21 03:00:44,466",4,4,105,4,40,40,True,LinearRegression,32,32,200,1,32,0,32,0
"2016-11-21 03:00:51,114",4,4,105,4,40,40,True,LinearRegression,32,32,200,0,29,3,29,3
"2016-11-21 03:00:57,703",4,4,105,4,40,40,True,LinearRegression,32,32,200,0,6,41,10,35
"2016-11-21 03:01:04,083",4,4,105,4,40,40,True,LinearRegression,32,32,200,0,0,88,7,36
"2016-11-21 03:01:11,633",4,4,105,4,40,40,True,LinearRegression,32,32,200,0,7,34,6,43
"2016-11-21 03:01:18,286",4,4,105,4,40,40,True,LinearRegression,32,32,200,1,32,0,32,0
"2016-11-21 03:01:25,212",4,4,105,4,40,40,True,LinearRegression,32,32,200,1,31,1,32,0
"2016-11-21 03:01:31,552",4,4,105,4,40,40,True,LinearRegression,32,32,200,0,15,22,28,4
"2016-11-21 03:01:38,796",4,4,105,4,40,40,True,LinearRegression,32,32,200,0,22,10,22,10
"2016-11-21 03:01:45,859",4,4,105,4,40,40,True,LinearRegression,32,32,200,1,15,17,32,0
"2016-11-21 03:01:52,809",4,4,105,4,40,40,True,LinearRegression,32,32,200,0,20,12,30,2
"2016-11-21 03:01:59,394",4,4,105,4,40,40,True,LinearRegression,32,32,200,0,31,1,31,1
"2016-11-21 03:02:06,170",4,4,105,4,40,40,True,LinearRegression,32,32,200,0,0,109,9,31
"2016-11-21 03:02:12,674",4,4,105,4,40,40,True,LinearRegression,32,32,200,0,26,6,29,3
"2016-11-21 03:02:19,119",4,4,105,4,40,40,True,LinearRegression,32,32,200,0,8,30,26,6
"2016-11-21 03:02:25,766",4,4,105,4,40,40,True,LinearRegression,32,32,200,0,7,38,20,14
"2016-11-21 03:02:33,187",4,4,105,4,40,40,True,LinearRegression,32,32,200,0,0,131,3,59
"2016-11-21 03:02:39,958",4,4,105,4,40,40,True,LinearRegression,32,32,200,0,31,1,30,2
"2016-11-21 03:02:46,512",4,4,105,4,40,40,True,LinearRegression,32,32,200,0,17,20,17,17
"2016-11-21 03:02:53,567",4,4,105,4,40,40,True,LinearRegression,32,32,200,0,8,32,4,40
"2016-11-21 03:03:00,662",4,4,105,4,40,40,True,LinearRegression,32,32,200,0,0,133,3,57
"2016-11-21 03:03:07,493",4,4,105,4,40,40,True,LinearRegression,32,32,200,0,7,39,8,25
"2016-11-21 03:03:14,244",4,4,105,4,40,40,True,LinearRegression,32,32,200,0,6,31,11,26
"2016-11-21 03:03:21,327",4,4,105,4,40,40,True,LinearRegression,32,32,200,0,0,153,4,47
"2016-11-21 03:03:27,702",4,4,105,4,40,40,True,LinearRegression,32,32,200,0,16,24,11,27
"2016-11-21 03:03:34,616",4,4,105,4,40,40,True,LinearRegression,32,32,200,0,26,6,26,6
"2016-11-21 03:03:41,745",4,4,105,4,40,40,True,LinearRegression,32,32,200,0,0,128,4,51
"2016-11-21 03:03:49,176",4,4,105,4,40,40,True,LinearRegression,32,32,200,0,0,74,10,24
"2016-11-21 03:03:55,926",4,4,105,4,40,40,True,LinearRegression,32,32,200,0,0,104,7,39
"2016-11-21 03:04:02,830",4,4,105,4,40,40,True,LinearRegression,32,32,200,0,0,125,5,46
"2016-11-21 03:04:09,295",4,4,105,4,40,40,True,LinearRegression,32,32,200,0,24,9,26,7
"2016-11-21 03:04:16,105",4,4,105,4,40,40,True,LinearRegression,32,32,200,0,21,12,30,2
"2016-11-21 03:04:22,537",4,4,105,4,40,40,True,LinearRegression,32,32,200,0,0,159,2,73
"2016-11-21 03:04:29,533",4,4,105,4,40,40,True,LinearRegression,32,32,200,0,0,71,16,19
"2016-11-21 03:04:36,400",4,4,105,4,40,40,True,LinearRegression,32,32,200,0,8,37,27,5
"2016-11-21 03:04:43,375",4,4,105,4,40,40,True,LinearRegression,32,32,200,0,0,110,8,31
"2016-11-21 03:04:50,068",4,4,105,4,40,40,True,LinearRegression,32,32,200,0,0,128,13,34
"2016-11-21 03:04:56,578",4,4,105,4,40,40,True,LinearRegression,32,32,200,0,0,160,0,81
"2016-11-21 03:05:03,343",4,4,105,4,40,40,True,LinearRegression,32,32,200,1,32,0,32,0
"2016-11-21 03:05:10,166",4,4,105,4,40,40,True,LinearRegression,32,32,200,1,32,0,32,0
"2016-11-21 03:05:17,278",4,4,105,4,40,40,True,LinearRegression,32,32,200,1,32,0,32,0
"2016-11-21 03:05:23,816",4,4,105,4,40,40,True,LinearRegression,32,32,200,0,16,35,10,32
"2016-11-21 03:05:30,395",4,4,105,4,40,40,True,LinearRegression,32,32,200,0,0,97,7,41
"2016-11-21 03:05:37,112",4,4,105,4,40,40,True,LinearRegression,32,32,200,0,0,84,10,27
"2016-11-21 03:05:43,560",4,4,105,4,40,40,True,LinearRegression,32,32,200,0,0,76,14,24
"2016-11-21 03:05:50,997",4,4,105,4,40,40,True,LinearRegression,32,32,200,0,8,32,11,33
"2016-11-21 03:05:57,634",4,4,105,4,40,40,True,LinearRegression,32,32,200,0,15,20,14,19
"2016-11-21 03:06:03,883",4,4,105,4,40,40,True,LinearRegression,32,32,200,0,9,29,22,11
"2016-11-21 03:06:10,823",4,4,105,4,40,40,True,LinearRegression,32,32,200,0,10,26,12,24
"2016-11-21 03:06:17,722",4,4,105,4,40,40,True,LinearRegression,32,32,200,0,11,25,24,8
"2016-11-21 03:06:24,521",4,4,105,4,40,40,True,LinearRegression,32,32,200,0,31,1,31,1
"2016-11-21 03:06:31,195",4,4,105,4,40,40,True,LinearRegression,32,32,200,0,22,10,22,10
"2016-11-21 03:06:37,649",4,4,105,4,40,40,True,LinearRegression,32,32,200,0,0,114,9,37
"2016-11-21 03:06:44,468",4,4,105,4,40,40,True,LinearRegression,32,32,200,0,0,96,5,43
"2016-11-21 03:06:52,767",4,4,105,4,40,40,True,LinearRegression,32,32,200,1,32,0,32,0
"2016-11-21 03:06:59,979",4,4,105,4,40,40,True,LinearRegression,32,32,200,1,32,0,32,0
"2016-11-21 03:07:05,597",4,4,105,4,40,40,True,LinearRegression,32,32,200,0,17,19,24,9
"2016-11-21 03:07:12,577",4,4,105,4,40,40,True,LinearRegression,32,32,200,0,15,17,31,1
"2016-11-21 03:07:19,325",4,4,105,4,40,40,True,LinearRegression,32,32,200,0,10,32,21,18
"2016-11-21 03:07:26,369",4,4,105,4,40,40,True,LinearRegression,32,32,200,0,7,33,7,34
"2016-11-21 03:07:33,880",4,4,105,4,40,40,True,LinearRegression,32,32,200,1,32,0,32,0
"2016-11-21 03:07:40,915",4,4,105,4,40,40,True,LinearRegression,32,32,200,0,0,86,2,45
"2016-11-21 03:07:47,419",4,4,105,4,40,40,True,LinearRegression,32,32,200,0,15,17,15,17
"2016-11-21 03:07:53,908",4,4,105,4,40,40,True,LinearRegression,32,32,200,0,29,3,31,1
"2016-11-21 03:08:00,190",4,4,105,4,40,40,True,LinearRegression,32,32,200,0,31,1,31,1
"2016-11-21 03:08:07,047",4,4,105,4,40,40,True,LinearRegression,32,32,200,0,31,1,31,1
"2016-11-21 03:08:13,895",4,4,105,4,40,40,True,LinearRegression,32,32,200,0,0,119,6,38
"2016-11-21 03:08:20,486",4,4,105,4,40,40,True,LinearRegression,32,32,200,0,15,19,18,14
"2016-11-21 03:08:27,196",4,4,105,4,40,40,True,LinearRegression,32,32,200,0,28,6,29,4
"2016-11-21 03:08:34,277",4,4,105,4,40,40,True,LinearRegression,32,32,200,0,0,70,6,38
"2016-11-21 03:08:40,962",4,4,105,4,40,40,True,LinearRegression,32,32,200,0,15,18,11,22
"2016-11-21 03:08:46,981",4,4,105,4,40,40,True,LinearRegression,32,32,200,0,0,126,5,56
"2016-11-21 03:08:55,127",4,4,105,4,40,40,True,LinearRegression,32,32,200,0,24,9,25,8
"2016-11-21 03:09:01,823",4,4,105,4,40,40,True,LinearRegression,32,32,200,0,0,158,3,72
"2016-11-21 03:09:08,363",4,4,105,4,40,40,True,LinearRegression,32,32,200,0,9,31,27,5
"2016-11-21 03:09:15,313",4,4,105,4,40,40,True,LinearRegression,32,32,200,0,1,57,17,19
"2016-11-21 03:09:22,229",4,4,105,4,40,40,True,LinearRegression,32,32,200,0,3,62,7,44
"2016-11-21 03:09:28,827",4,4,105,4,40,40,True,LinearRegression,32,32,200,0,27,5,27,5
"2016-11-21 03:09:36,349",4,4,105,4,40,40,True,LinearRegression,32,32,200,0,0,46,5,46
"2016-11-21 03:09:43,135",4,4,105,4,40,40,True,LinearRegression,32,32,200,0,15,23,28,4
"2016-11-21 03:09:49,561",4,4,105,4,40,40,True,LinearRegression,32,32,200,0,27,5,26,6
"2016-11-21 03:09:56,796",4,4,105,4,40,40,True,LinearRegression,32,32,200,0,28,4,28,4
"2016-11-21 03:10:03,463",4,4,105,4,40,40,True,LinearRegression,32,32,200,0,16,16,14,18
"2016-11-21 03:10:10,088",4,4,105,4,40,40,True,LinearRegression,32,32,200,0,0,160,0,102
"2016-11-21 03:10:16,890",4,4,105,4,40,40,True,LinearRegression,32,32,200,0,7,33,29,3
"2016-11-21 03:10:24,398",4,4,105,4,40,40,True,LinearRegression,32,32,200,0,14,19,12,20
"2016-11-21 03:10:31,154",4,4,105,4,40,40,True,LinearRegression,32,32,200,0,21,13,21,13
"2016-11-21 03:10:37,965",4,4,105,4,40,40,True,LinearRegression,32,32,200,0,0,122,9,40
"2016-11-21 03:10:44,491",4,4,105,4,40,40,True,LinearRegression,32,32,200,0,0,63,14,23
"2016-11-21 03:10:51,247",4,4,105,4,40,40,True,LinearRegression,32,32,200,0,0,119,8,39
"2016-11-21 03:10:58,366",4,4,105,4,40,40,True,LinearRegression,32,32,200,0,0,134,6,41
"2016-11-21 03:11:04,594",4,4,105,4,40,40,True,LinearRegression,32,32,200,0,27,5,29,3
"2016-11-21 03:11:10,616",4,4,105,4,40,40,True,LinearRegression,32,32,200,0,15,19,20,14
"2016-11-21 03:11:16,590",4,4,105,4,40,40,True,LinearRegression,32,32,200,1,32,0,32,0
"2016-11-21 03:11:24,393",4,4,105,4,40,40,True,LinearRegression,32,32,200,0,12,21,27,7
"2016-11-21 03:11:30,777",4,4,105,4,40,40,True,LinearRegression,32,32,200,0,0,160,0,73
"2016-11-21 03:11:37,414",4,4,105,4,40,40,True,LinearRegression,32,32,200,1,32,0,32,0
"2016-11-21 03:11:43,571",4,4,105,4,40,40,True,LinearRegression,32,32,200,0,19,14,20,13
"2016-11-21 03:11:50,579",4,4,105,4,40,40,True,LinearRegression,32,32,200,0,27,6,27,6
"2016-11-21 03:11:57,066",4,4,105,4,40,40,True,LinearRegression,32,32,200,0,8,32,12,32
"2016-11-21 03:12:04,309",4,4,105,4,40,40,True,LinearRegression,32,32,200,1,32,0,32,0
"2016-11-21 03:12:11,307",4,4,105,4,40,40,True,LinearRegression,32,32,200,0,0,94,5,40
"2016-11-21 03:12:17,516",4,4,105,4,40,40,True,LinearRegression,32,32,200,1,16,16,32,0
"2016-11-21 03:12:24,004",4,4,105,4,40,40,True,LinearRegression,32,32,200,0,31,1,31,1
"2016-11-21 03:12:30,620",4,4,105,4,40,40,True,LinearRegression,32,32,200,1,32,0,32,0
"2016-11-21 03:12:37,799",4,4,105,4,40,40,True,LinearRegression,32,32,200,0,20,17,21,14
"2016-11-21 03:12:44,744",4,4,105,4,40,40,True,LinearRegression,32,32,200,0,30,2,30,2
"2016-11-21 03:12:51,639",4,4,105,4,40,40,True,LinearRegression,32,32,200,0,0,131,6,45
"2016-11-21 03:12:58,986",4,4,105,4,40,40,True,LinearRegression,32,32,200,0,13,21,13,21
"2016-11-21 03:13:05,767",4,4,105,4,40,40,True,LinearRegression,32,32,200,0,25,7,31,1
"2016-11-21 03:13:12,250",4,4,105,4,40,40,True,LinearRegression,32,32,200,1,32,0,32,0
"2016-11-21 03:13:19,333",4,4,105,4,40,40,True,LinearRegression,32,32,200,1,32,0,32,0
"2016-11-21 03:13:26,077",4,4,105,4,40,40,True,LinearRegression,32,32,200,0,0,148,3,64
"2016-11-21 03:13:32,052",4,4,105,4,40,40,True,LinearRegression,32,32,200,0,7,31,9,29
"2016-11-21 03:13:39,236",4,4,105,4,40,40,True,LinearRegression,32,32,200,0,22,16,21,14
"2016-11-21 03:13:46,138",4,4,105,4,40,40,True,LinearRegression,32,32,200,0,21,11,27,5
"2016-11-21 03:13:52,630",4,4,105,4,40,40,True,LinearRegression,32,32,200,0,0,92,7,40
"2016-11-21 03:14:00,977",4,4,105,4,40,40,True,LinearRegression,32,32,200,0,0,159,7,60
"2016-11-21 03:14:07,866",4,4,105,4,40,40,True,LinearRegression,32,32,200,0,22,10,25,7
"2016-11-21 03:14:14,995",4,4,105,4,40,40,True,LinearRegression,32,32,200,0,29,3,29,3
"2016-11-21 03:14:21,755",4,4,105,4,40,40,True,LinearRegression,32,32,200,0,30,2,30,2
"2016-11-21 03:14:28,438",4,4,105,4,40,40,True,LinearRegression,32,32,200,0,16,19,25,10
"2016-11-21 03:14:35,036",4,4,105,4,40,40,True,LinearRegression,32,32,200,0,25,7,29,3
"2016-11-21 03:14:42,099",4,4,105,4,40,40,True,LinearRegression,32,32,200,0,0,117,8,44
"2016-11-21 03:14:48,769",4,4,105,4,40,40,True,LinearRegression,32,32,200,0,0,167,7,47
"2016-11-21 03:14:54,918",4,4,105,4,40,40,True,LinearRegression,32,32,200,0,0,160,0,96
"2016-11-21 03:15:03,020",4,4,105,4,40,40,True,LinearRegression,32,32,200,0,29,3,31,1
"2016-11-21 03:15:09,835",4,4,105,4,40,40,True,LinearRegression,32,32,200,0,10,30,6,36
"2016-11-21 03:15:17,037",4,4,105,4,40,40,True,LinearRegression,32,32,200,0,0,140,4,49
"2016-11-21 03:15:23,884",4,4,105,4,40,40,True,LinearRegression,32,32,200,0,29,3,29,3
"2016-11-21 03:15:30,717",4,4,105,4,40,40,True,LinearRegression,32,32,200,1,8,32,32,0
"2016-11-21 03:15:37,274",4,4,105,4,40,40,True,LinearRegression,32,32,200,0,20,14,20,14
"2016-11-21 03:15:43,921",4,4,105,4,40,40,True,LinearRegression,32,32,200,0,0,105,4,44
"2016-11-21 03:15:50,369",4,4,105,4,40,40,True,LinearRegression,32,32,200,0,17,19,21,13
"2016-11-21 03:15:57,133",4,4,105,4,40,40,True,LinearRegression,32,32,200,1,8,32,32,0
"2016-11-21 03:16:03,693",4,4,105,4,40,40,True,LinearRegression,32,32,200,0,26,7,28,5
"2016-11-21 03:16:10,481",4,4,105,4,40,40,True,LinearRegression,32,32,200,0,14,24,14,19
"2016-11-21 03:16:17,017",4,4,105,4,40,40,True,LinearRegression,32,32,200,0,10,27,7,31
"2016-11-21 03:16:23,562",4,4,105,4,40,40,True,LinearRegression,32,32,200,0,2,59,3,59
"2016-11-21 03:16:30,742",4,4,105,4,40,40,True,LinearRegression,32,32,200,1,32,0,32,0
"2016-11-21 03:16:37,945",4,4,105,4,40,40,True,LinearRegression,32,32,200,0,0,76,16,22
"2016-11-21 03:16:44,487",4,4,105,4,40,40,True,LinearRegression,32,32,200,1,32,0,32,0
"2016-11-21 03:16:51,236",4,4,105,4,40,40,True,LinearRegression,32,32,200,0,30,2,30,2
"2016-11-21 03:16:57,808",4,4,105,4,40,40,True,LinearRegression,32,32,200,0,0,132,4,53
"2016-11-21 03:17:04,162",4,4,105,4,40,40,True,LinearRegression,32,32,200,0,24,8,24,8
"2016-11-21 03:17:11,312",4,4,105,4,40,40,True,LinearRegression,32,32,200,0,22,10,21,12
"2016-11-21 03:17:18,392",4,4,105,4,40,40,True,LinearRegression,32,32,200,0,16,16,17,15
"2016-11-21 03:17:25,307",4,4,105,4,40,40,True,LinearRegression,32,32,200,0,1,62,11,32
"2016-11-21 03:17:32,451",4,4,105,4,40,40,True,LinearRegression,32,32,200,1,32,0,32,0
"2016-11-21 03:17:39,729",4,4,105,4,40,40,True,LinearRegression,32,32,200,0,0,103,10,29
"2016-11-21 03:17:46,204",4,4,105,4,40,40,True,LinearRegression,32,32,200,0,31,1,31,1
"2016-11-21 03:17:53,662",4,4,105,4,40,40,True,LinearRegression,32,32,200,0,3,44,15,19
"2016-11-21 03:18:00,466",4,4,105,4,40,40,True,LinearRegression,32,32,200,0,27,5,26,6
"2016-11-21 03:18:07,132",4,4,105,4,40,40,True,LinearRegression,32,32,200,0,0,104,8,32
"2016-11-21 03:18:13,856",4,4,105,4,40,40,True,LinearRegression,32,32,200,0,0,91,20,21
"2016-11-21 03:18:20,983",4,4,105,4,40,40,True,LinearRegression,32,32,200,0,4,41,11,33
"2016-11-21 03:18:27,899",4,4,105,4,40,40,True,LinearRegression,32,32,200,0,0,123,9,38
"2016-11-21 03:18:34,302",4,4,105,4,40,40,True,LinearRegression,32,32,200,0,22,10,26,6
"2016-11-21 03:18:40,896",4,4,105,4,40,40,True,LinearRegression,32,32,200,0,0,107,10,34
"2016-11-21 03:18:47,707",4,4,105,4,40,40,True,LinearRegression,32,32,200,0,24,8,24,8
"2016-11-21 03:18:54,434",4,4,105,4,40,40,True,LinearRegression,32,32,200,0,8,30,9,30
"2016-11-21 03:19:01,315",4,4,105,4,40,40,True,LinearRegression,32,32,200,0,0,96,4,46
"2016-11-21 03:19:07,822",4,4,105,4,40,40,True,LinearRegression,32,32,200,0,16,16,16,16
"2016-11-21 03:19:14,980",4,4,105,4,40,40,True,LinearRegression,32,32,200,0,9,32,27,10
"2016-11-21 03:19:21,843",4,4,105,4,40,40,True,LinearRegression,32,32,200,0,4,48,5,52
"2016-11-21 03:19:28,471",4,4,105,4,40,40,True,LinearRegression,32,32,200,1,32,0,32,0
"2016-11-21 03:19:35,054",4,4,105,4,40,40,True,LinearRegression,32,32,200,0,0,103,9,34
"2016-11-21 03:19:41,530",4,4,105,4,40,40,True,LinearRegression,32,32,200,0,27,5,27,5
"2016-11-21 03:19:48,385",4,4,105,4,40,40,True,LinearRegression,32,32,200,1,32,0,32,0
"2016-11-21 03:19:54,927",4,4,105,4,40,40,True,LinearRegression,32,32,200,1,32,0,32,0
"2016-11-21 03:20:01,512",4,4,105,4,40,40,True,LinearRegression,32,32,200,0,19,15,25,9
"2016-11-21 03:20:08,276",4,4,105,4,40,40,True,LinearRegression,32,32,200,0,0,85,8,39
"2016-11-21 03:20:15,287",4,4,105,4,40,40,True,LinearRegression,32,32,200,1,32,0,32,0
"2016-11-21 03:20:21,777",4,4,105,4,40,40,True,LinearRegression,32,32,200,0,0,39,19,13
"2016-11-21 03:20:28,389",4,4,105,4,40,40,True,LinearRegression,32,32,200,0,0,48,12,20
"2016-11-21 03:20:34,866",4,4,105,4,40,40,True,LinearRegression,32,32,200,0,22,10,25,8
"2016-11-21 03:20:41,293",4,4,105,4,40,40,True,LinearRegression,32,32,200,0,25,7,27,5
"2016-11-21 03:20:48,066",4,4,105,4,40,40,True,LinearRegression,32,32,200,0,9,29,6,35
"2016-11-21 03:20:54,972",4,4,105,4,40,40,True,LinearRegression,32,32,200,0,6,39,25,10
"2016-11-21 03:21:02,103",4,4,105,4,40,40,True,LinearRegression,32,32,200,0,14,20,28,4
"2016-11-21 03:21:08,799",4,4,105,4,40,40,True,LinearRegression,32,32,200,0,7,43,17,15
"2016-11-21 03:21:15,421",4,4,105,4,40,40,True,LinearRegression,32,32,200,0,20,14,28,4
"2016-11-21 03:21:22,429",4,4,105,4,40,40,True,LinearRegression,32,32,200,0,31,1,31,1
"2016-11-21 03:21:30,608",4,4,105,4,40,40,True,LinearRegression,32,32,200,0,8,32,31,3
"2016-11-21 03:21:36,678",4,4,105,4,40,40,True,LinearRegression,32,32,200,0,8,32,14,18
"2016-11-21 03:21:43,619",4,4,105,4,40,40,True,LinearRegression,32,32,200,0,4,37,8,31
"2016-11-21 03:21:50,269",4,4,105,4,40,40,True,LinearRegression,32,32,200,0,0,142,3,54
"2016-11-21 03:21:57,370",4,4,105,4,40,40,True,LinearRegression,32,32,200,0,12,21,29,3
"2016-11-21 03:22:04,245",4,4,105,4,40,40,True,LinearRegression,32,32,200,0,11,28,29,3
"2016-11-21 03:22:11,275",4,4,105,4,40,40,True,LinearRegression,32,32,200,0,7,29,23,9
"2016-11-21 03:22:17,750",4,4,105,4,40,40,True,LinearRegression,32,32,200,0,8,39,17,18
"2016-11-21 03:22:24,977",4,4,105,4,40,40,True,LinearRegression,32,32,200,0,12,23,14,22
"2016-11-21 03:22:31,344",4,4,105,4,40,40,True,LinearRegression,32,32,200,0,0,130,9,31
"2016-11-21 03:22:37,630",4,4,105,4,40,40,True,LinearRegression,32,32,200,0,18,15,24,8
"2016-11-21 03:22:43,754",4,4,105,4,40,40,True,LinearRegression,32,32,200,0,0,104,2,56
"2016-11-21 03:22:51,747",4,4,105,4,40,40,True,LinearRegression,32,32,200,0,20,12,26,6
"2016-11-21 03:22:58,453",4,4,105,4,40,40,True,LinearRegression,32,32,200,0,11,27,12,26
"2016-11-21 03:23:04,791",4,4,105,4,40,40,True,LinearRegression,32,32,200,0,10,28,19,18
"2016-11-21 03:23:11,769",4,4,105,4,40,40,True,LinearRegression,32,32,200,0,29,3,31,1
"2016-11-21 03:23:17,785",4,4,105,4,40,40,True,LinearRegression,32,32,200,0,5,44,17,21
"2016-11-21 03:23:26,089",4,4,105,4,40,40,True,LinearRegression,32,32,200,0,18,18,22,14
"2016-11-21 03:23:32,305",4,4,105,4,40,40,True,LinearRegression,32,32,200,0,16,18,20,14
"2016-11-21 03:23:39,019",4,4,105,4,40,40,True,LinearRegression,32,32,200,0,8,31,25,7
"2016-11-21 03:23:47,086",4,4,105,4,40,40,True,LinearRegression,32,32,200,0,0,44,13,21
"2016-11-21 03:23:53,583",4,4,105,4,40,40,True,LinearRegression,32,32,200,1,16,16,32,0
"2016-11-21 03:24:00,085",4,4,105,4,40,40,True,LinearRegression,32,32,200,1,32,0,32,0
"2016-11-21 03:24:06,711",4,4,105,4,40,40,True,LinearRegression,32,32,200,0,31,1,31,1
"2016-11-21 03:24:13,171",4,4,105,4,40,40,True,LinearRegression,32,32,200,0,14,18,29,3
"2016-11-21 03:24:21,543",4,4,105,4,40,40,True,LinearRegression,32,32,200,1,16,16,32,0
"2016-11-21 03:24:28,233",4,4,105,4,40,40,True,LinearRegression,32,32,200,0,16,16,12,20
"2016-11-21 03:24:34,966",4,4,105,4,40,40,True,LinearRegression,32,32,200,0,0,128,1,72
"2016-11-21 03:24:41,422",4,4,105,4,40,40,True,LinearRegression,32,32,200,0,3,45,16,26
"2016-11-21 03:24:48,137",4,4,105,4,40,40,True,LinearRegression,32,32,200,0,0,123,5,49
"2016-11-21 03:24:53,990",4,4,105,4,40,40,True,LinearRegression,32,32,200,0,10,27,24,8
"2016-11-21 03:25:02,715",4,4,105,4,40,40,True,LinearRegression,32,32,200,0,25,7,25,7
"2016-11-21 03:25:09,360",4,4,105,4,40,40,True,LinearRegression,32,32,200,0,28,5,28,5
"2016-11-21 03:25:15,593",4,4,105,4,40,40,True,LinearRegression,32,32,200,0,28,4,28,4
"2016-11-21 03:25:23,868",4,4,105,4,40,40,True,LinearRegression,32,32,200,0,25,8,26,7
"2016-11-21 03:25:30,272",4,4,105,4,40,40,True,LinearRegression,32,32,200,0,0,89,10,26
"2016-11-21 03:25:36,821",4,4,105,4,40,40,True,LinearRegression,32,32,200,0,28,5,29,5
"2016-11-21 03:25:43,249",4,4,105,4,40,40,True,LinearRegression,32,32,200,0,4,34,23,14
"2016-11-21 03:25:50,299",4,4,105,4,40,40,True,LinearRegression,32,32,200,0,0,160,0,158
"2016-11-21 03:25:56,793",4,4,105,4,40,40,True,LinearRegression,32,32,200,0,0,126,5,44
"2016-11-21 03:26:03,519",4,4,105,4,40,40,True,LinearRegression,32,32,200,0,4,56,6,53
"2016-11-21 03:26:10,452",4,4,105,4,40,40,True,LinearRegression,32,32,200,0,28,4,28,4
"2016-11-21 03:26:16,750",4,4,105,4,40,40,True,LinearRegression,32,32,200,0,8,36,14,23
"2016-11-21 03:26:23,895",4,4,105,4,40,40,True,LinearRegression,32,32,200,0,12,24,24,8
"2016-11-21 03:26:30,693",4,4,105,4,40,40,True,LinearRegression,32,32,200,0,15,17,16,17
"2016-11-21 03:26:38,127",4,4,105,4,40,40,True,LinearRegression,32,32,200,0,31,1,31,1
"2016-11-21 03:26:44,750",4,4,105,4,40,40,True,LinearRegression,32,32,200,0,22,11,23,10
"2016-11-21 03:26:51,044",4,4,105,4,40,40,True,LinearRegression,32,32,200,0,28,5,29,3
"2016-11-21 03:26:57,686",4,4,105,4,40,40,True,LinearRegression,32,32,200,0,21,11,21,11
"2016-11-21 03:27:04,392",4,4,105,4,40,40,True,LinearRegression,32,32,200,0,16,16,16,16
"2016-11-21 03:27:11,000",4,4,105,4,40,40,True,LinearRegression,32,32,200,0,19,16,24,9
"2016-11-21 03:27:18,365",4,4,105,4,40,40,True,LinearRegression,32,32,200,0,0,123,4,51
"2016-11-21 03:27:25,451",4,4,105,4,40,40,True,LinearRegression,32,32,200,0,0,66,18,14
"2016-11-21 03:27:31,898",4,4,105,4,40,40,True,LinearRegression,32,32,200,0,20,12,20,12
"2016-11-21 03:27:38,577",4,4,105,4,40,40,True,LinearRegression,32,32,200,0,2,57,21,11
"2016-11-21 03:27:45,632",4,4,105,4,40,40,True,LinearRegression,32,32,200,0,8,40,4,38
"2016-11-21 03:27:52,201",4,4,105,4,40,40,True,LinearRegression,32,32,200,0,6,35,8,27
"2016-11-21 03:27:59,958",4,4,105,4,40,40,True,LinearRegression,32,32,200,1,32,0,32,0
"2016-11-21 03:28:06,786",4,4,105,4,40,40,True,LinearRegression,32,32,200,0,14,18,30,2
"2016-11-21 03:28:13,337",4,4,105,4,40,40,True,LinearRegression,32,32,200,0,2,42,22,11
"2016-11-21 03:28:20,192",4,4,105,4,40,40,True,LinearRegression,32,32,200,0,0,163,2,68
"2016-11-21 03:28:27,248",4,4,105,4,40,40,True,LinearRegression,32,32,200,0,0,160,0,144
"2016-11-21 03:28:34,371",4,4,105,4,40,40,True,LinearRegression,32,32,200,0,12,24,14,21
"2016-11-21 03:28:41,130",4,4,105,4,40,40,True,LinearRegression,32,32,200,0,20,13,26,6
"2016-11-21 03:28:47,990",4,4,105,4,40,40,True,LinearRegression,32,32,200,0,23,11,24,9
"2016-11-21 03:28:54,902",4,4,105,4,40,40,True,LinearRegression,32,32,200,1,32,0,32,0
"2016-11-21 03:29:02,009",4,4,105,4,40,40,True,LinearRegression,32,32,200,0,0,60,26,6
"2016-11-21 03:29:08,704",4,4,105,4,40,40,True,LinearRegression,32,32,200,0,2,66,16,19
"2016-11-21 03:29:15,873",4,4,105,4,40,40,True,LinearRegression,32,32,200,1,16,16,32,0
"2016-11-21 03:29:22,567",4,4,105,4,40,40,True,LinearRegression,32,32,200,0,6,44,14,18
"2016-11-21 03:29:28,714",4,4,105,4,40,40,True,LinearRegression,32,32,200,0,0,66,10,33
"2016-11-21 03:29:35,687",4,4,105,4,40,40,True,LinearRegression,32,32,200,0,0,157,1,71
"2016-11-21 03:29:42,810",4,4,105,4,40,40,True,LinearRegression,32,32,200,0,18,16,24,9
"2016-11-21 03:29:49,398",4,4,105,4,40,40,True,LinearRegression,32,32,200,0,16,24,20,12
"2016-11-21 03:29:56,147",4,4,105,4,40,40,True,LinearRegression,32,32,200,0,30,2,30,2
"2016-11-21 03:30:03,022",4,4,105,4,40,40,True,LinearRegression,32,32,200,0,24,9,29,3
"2016-11-21 03:30:10,292",4,4,105,4,40,40,True,LinearRegression,32,32,200,1,32,0,32,0
"2016-11-21 03:30:16,924",4,4,105,4,40,40,True,LinearRegression,32,32,200,0,0,133,10,44
"2016-11-21 03:30:23,220",4,4,105,4,40,40,True,LinearRegression,32,32,200,0,11,37,20,14
"2016-11-21 03:30:29,260",4,4,105,4,40,40,True,LinearRegression,32,32,200,0,18,21,14,23
"2016-11-21 03:30:37,241",4,4,105,4,40,40,True,LinearRegression,32,32,200,0,0,159,1,78
"2016-11-21 03:30:44,073",4,4,105,4,40,40,True,LinearRegression,32,32,200,0,0,143,6,51
"2016-11-21 03:30:50,574",4,4,105,4,40,40,True,LinearRegression,32,32,200,0,0,119,8,34
"2016-11-21 03:30:57,239",4,4,105,4,40,40,True,LinearRegression,32,32,200,0,0,78,18,19
"2016-11-21 03:31:04,216",4,4,105,4,40,40,True,LinearRegression,32,32,200,0,8,32,7,34
"2016-11-21 03:31:10,531",4,4,105,4,40,40,True,LinearRegression,32,32,200,0,0,100,6,39
"2016-11-21 03:31:17,101",4,4,105,4,40,40,True,LinearRegression,32,32,200,0,16,16,15,17
"2016-11-21 03:31:23,900",4,4,105,4,40,40,True,LinearRegression,32,32,200,0,29,3,30,2
"2016-11-21 03:31:30,798",4,4,105,4,40,40,True,LinearRegression,32,32,200,1,32,0,32,0
"2016-11-21 03:31:37,478",4,4,105,4,40,40,True,LinearRegression,32,32,200,0,0,92,13,25
"2016-11-21 03:31:44,150",4,4,105,4,40,40,True,LinearRegression,32,32,200,0,0,79,10,29
"2016-11-21 03:31:50,785",4,4,105,4,40,40,True,LinearRegression,32,32,200,0,0,85,11,25
"2016-11-21 03:31:57,183",4,4,105,4,40,40,True,LinearRegression,32,32,200,0,24,8,24,8
"2016-11-21 03:32:03,060",4,4,105,4,40,40,True,LinearRegression,32,32,200,0,11,37,20,14
"2016-11-21 03:32:11,118",4,4,105,4,40,40,True,LinearRegression,32,32,200,0,0,109,13,27
"2016-11-21 03:32:17,706",4,4,105,4,40,40,True,LinearRegression,32,32,200,0,0,70,9,29
"2016-11-21 03:32:24,477",4,4,105,4,40,40,True,LinearRegression,32,32,200,0,9,30,0,50
"2016-11-21 03:32:31,518",4,4,105,4,40,40,True,LinearRegression,32,32,200,0,18,16,25,7
"2016-11-21 03:32:38,521",4,4,105,4,40,40,True,LinearRegression,32,32,200,0,29,5,30,3
"2016-11-21 03:32:44,590",4,4,105,4,40,40,True,LinearRegression,32,32,200,0,0,142,8,44
"2016-11-21 03:32:51,673",4,4,105,4,40,40,True,LinearRegression,32,32,200,0,17,21,17,21
"2016-11-21 03:32:58,902",4,4,105,4,40,40,True,LinearRegression,32,32,200,0,0,109,16,22
"2016-11-21 03:33:05,208",4,4,105,4,40,40,True,LinearRegression,32,32,200,0,20,13,20,12
"2016-11-21 03:33:12,611",4,4,105,4,40,40,True,LinearRegression,32,32,200,0,2,57,9,30
"2016-11-21 03:33:19,718",4,4,105,4,40,40,True,LinearRegression,32,32,200,0,28,4,29,3
"2016-11-21 03:33:26,627",4,4,105,4,40,40,True,LinearRegression,32,32,200,0,3,50,4,47
"2016-11-21 03:33:33,374",4,4,105,4,40,40,True,LinearRegression,32,32,200,0,0,96,7,40
"2016-11-21 03:33:39,739",4,4,105,4,40,40,True,LinearRegression,32,32,200,0,0,122,4,52
"2016-11-21 03:33:46,394",4,4,105,4,40,40,True,LinearRegression,32,32,200,0,0,165,2,70
"2016-11-21 03:33:52,978",4,4,105,4,40,40,True,LinearRegression,32,32,200,0,0,57,15,20
"2016-11-21 03:33:59,860",4,4,105,4,40,40,True,LinearRegression,32,32,200,0,8,32,16,16
"2016-11-21 03:34:06,656",4,4,105,4,40,40,True,LinearRegression,32,32,200,1,32,0,32,0
"2016-11-21 03:34:13,722",4,4,105,4,40,40,True,LinearRegression,32,32,200,0,0,40,23,9
"2016-11-21 03:34:20,126",4,4,105,4,40,40,True,LinearRegression,32,32,200,0,15,19,26,6
"2016-11-21 03:34:27,476",4,4,105,4,40,40,True,LinearRegression,32,32,200,0,20,14,20,13
"2016-11-21 03:34:33,666",4,4,105,4,40,40,True,LinearRegression,32,32,200,0,12,25,18,16
"2016-11-21 03:34:40,994",4,4,105,4,40,40,True,LinearRegression,32,32,200,0,9,29,6,35
"2016-11-21 03:34:47,647",4,4,105,4,40,40,True,LinearRegression,32,32,200,0,30,2,30,2
"2016-11-21 03:34:55,396",4,4,105,4,40,40,True,LinearRegression,32,32,200,0,21,11,25,7
"2016-11-21 03:35:02,849",4,4,105,4,40,40,True,LinearRegression,32,32,200,0,13,22,25,8
"2016-11-21 03:35:09,627",4,4,105,4,40,40,True,LinearRegression,32,32,200,0,0,96,4,48
"2016-11-21 03:35:16,177",4,4,105,4,40,40,True,LinearRegression,32,32,200,0,0,160,0,160
"2016-11-21 03:35:23,165",4,4,105,4,40,40,True,LinearRegression,32,32,200,0,0,47,11,21
"2016-11-21 03:35:30,323",4,4,105,4,40,40,True,LinearRegression,32,32,200,0,9,31,9,30
"2016-11-21 03:35:37,039",4,4,105,4,40,40,True,LinearRegression,32,32,200,0,13,21,27,5
"2016-11-21 03:35:43,840",4,4,105,4,40,40,True,LinearRegression,32,32,200,1,32,0,32,0
"2016-11-21 03:35:50,591",4,4,105,4,40,40,True,LinearRegression,32,32,200,1,32,0,32,0
"2016-11-21 03:35:57,338",4,4,105,4,40,40,True,LinearRegression,32,32,200,0,0,88,8,35
"2016-11-21 03:36:04,122",4,4,105,4,40,40,True,LinearRegression,32,32,200,0,29,3,29,3
"2016-11-21 03:36:10,655",4,4,105,4,40,40,True,LinearRegression,32,32,200,0,0,84,6,35
"2016-11-21 03:36:17,610",4,4,105,4,40,40,True,LinearRegression,32,32,200,0,11,26,23,15
"2016-11-21 03:36:23,687",4,4,105,4,40,40,True,LinearRegression,32,32,200,0,0,160,1,69
"2016-11-21 03:36:31,179",4,4,105,4,40,40,True,LinearRegression,32,32,200,0,8,32,11,36
"2016-11-21 03:36:37,483",4,4,105,4,40,40,True,LinearRegression,32,32,200,0,28,4,28,4
"2016-11-21 03:36:44,553",4,4,105,4,40,40,True,LinearRegression,32,32,200,0,28,4,31,1
"2016-11-21 03:36:51,516",4,4,105,4,40,40,True,LinearRegression,32,32,200,0,7,30,10,29
"2016-11-21 03:36:57,965",4,4,105,4,40,40,True,LinearRegression,32,32,200,0,0,160,3,63
"2016-11-21 03:37:05,394",4,4,105,4,40,40,True,LinearRegression,32,32,200,0,0,110,11,28
"2016-11-21 03:37:11,762",4,4,105,4,40,40,True,LinearRegression,32,32,200,1,32,0,32,0
"2016-11-21 03:37:18,435",4,4,105,4,40,40,True,LinearRegression,32,32,200,1,32,0,32,0
"2016-11-21 03:37:25,145",4,4,105,4,40,40,True,LinearRegression,32,32,200,1,32,0,32,0
"2016-11-21 03:37:32,191",4,4,105,4,40,40,True,LinearRegression,32,32,200,0,28,4,31,1
"2016-11-21 03:37:39,068",4,4,105,4,40,40,True,LinearRegression,32,32,200,0,8,32,4,40
"2016-11-21 03:37:45,796",4,4,105,4,40,40,True,LinearRegression,32,32,200,1,16,16,32,0
"2016-11-21 03:37:52,678",4,4,105,4,40,40,True,LinearRegression,32,32,200,0,12,26,19,16
"2016-11-21 03:37:58,787",4,4,105,4,40,40,True,LinearRegression,32,32,200,0,21,11,21,11
"2016-11-21 03:38:05,324",4,4,105,4,40,40,True,LinearRegression,32,32,200,1,16,17,32,0
"2016-11-21 03:38:12,593",4,4,105,4,40,40,True,LinearRegression,32,32,200,0,21,12,21,13
"2016-11-21 03:38:19,710",4,4,105,4,40,40,True,LinearRegression,32,32,200,0,8,34,13,24
"2016-11-21 03:38:26,810",4,4,105,4,40,40,True,LinearRegression,32,32,200,0,31,1,31,1
"2016-11-21 03:38:33,664",4,4,105,4,40,40,True,LinearRegression,32,32,200,0,0,122,9,36
"2016-11-21 03:38:40,204",4,4,105,4,40,40,True,LinearRegression,32,32,200,0,16,18,30,4
"2016-11-21 03:38:46,889",4,4,105,4,40,40,True,LinearRegression,32,32,200,0,17,15,27,5
"2016-11-21 03:38:53,080",4,4,105,4,40,40,True,LinearRegression,32,32,200,0,28,4,28,4
"2016-11-21 03:39:01,207",4,4,105,4,40,40,True,LinearRegression,32,32,200,0,31,1,31,1
"2016-11-21 03:39:07,833",4,4,105,4,40,40,True,LinearRegression,32,32,200,0,13,21,26,9
"2016-11-21 03:39:14,220",4,4,105,4,40,40,True,LinearRegression,32,32,200,0,15,17,15,17
"2016-11-21 03:39:20,972",4,4,105,4,40,40,True,LinearRegression,32,32,200,0,7,32,31,3
"2016-11-21 03:39:27,657",4,4,105,4,40,40,True,LinearRegression,32,32,200,1,32,0,32,0
"2016-11-21 03:39:34,970",4,4,105,4,40,40,True,LinearRegression,32,32,200,0,9,33,29,4
"2016-11-21 03:39:41,693",4,4,105,4,40,40,True,LinearRegression,32,32,200,1,32,0,32,0
"2016-11-21 03:39:47,697",4,4,105,4,40,40,True,LinearRegression,32,32,200,0,0,156,4,59
"2016-11-21 03:39:54,233",4,4,105,4,40,40,True,LinearRegression,32,32,200,0,15,18,30,2
"2016-11-21 03:40:00,802",4,4,105,4,40,40,True,LinearRegression,32,32,200,0,14,20,15,20
"2016-11-21 03:40:07,765",4,4,105,4,40,40,True,LinearRegression,32,32,200,0,5,46,22,16
"2016-11-21 03:40:14,914",4,4,105,4,40,40,True,LinearRegression,32,32,200,0,1,61,10,35
"2016-11-21 03:40:22,042",4,4,105,4,40,40,True,LinearRegression,32,32,200,1,30,2,32,0
"2016-11-21 03:40:28,338",4,4,105,4,40,40,True,LinearRegression,32,32,200,1,16,16,32,0
"2016-11-21 03:40:35,100",4,4,105,4,40,40,True,LinearRegression,32,32,200,0,23,10,25,7
"2016-11-21 03:40:41,507",4,4,105,4,40,40,True,LinearRegression,32,32,200,0,13,28,15,24
"2016-11-21 03:40:49,689",4,4,105,4,40,40,True,LinearRegression,32,32,200,0,0,114,6,40
"2016-11-21 03:40:56,260",4,4,105,4,40,40,True,LinearRegression,32,32,200,0,0,123,13,30
"2016-11-21 03:41:03,512",4,4,105,4,40,40,True,LinearRegression,32,32,200,1,32,0,32,0
"2016-11-21 03:41:09,486",4,4,105,4,40,40,True,LinearRegression,32,32,200,0,0,146,9,39
"2016-11-21 03:41:16,421",4,4,105,4,40,40,True,LinearRegression,32,32,200,0,8,26,12,24
"2016-11-21 03:41:22,602",4,4,105,4,40,40,True,LinearRegression,32,32,200,0,0,156,3,66
"2016-11-21 03:41:30,148",4,4,105,4,40,40,True,LinearRegression,32,32,200,0,23,10,23,10
"2016-11-21 03:41:36,960",4,4,105,4,40,40,True,LinearRegression,32,32,200,0,23,9,27,5
"2016-11-21 03:41:44,258",4,4,105,4,40,40,True,LinearRegression,32,32,200,0,15,20,17,18
"2016-11-21 03:41:51,446",4,4,105,4,40,40,True,LinearRegression,32,32,200,0,19,16,22,13
"2016-11-21 03:41:57,620",4,4,105,4,40,40,True,LinearRegression,32,32,200,0,13,22,23,10
"2016-11-21 03:42:04,809",4,4,105,4,40,40,True,LinearRegression,32,32,200,0,18,14,18,14
"2016-11-21 03:42:11,824",4,4,105,4,40,40,True,LinearRegression,32,32,200,0,31,1,31,1
"2016-11-21 03:42:17,719",4,4,105,4,40,40,True,LinearRegression,32,32,200,0,11,24,15,20
"2016-11-21 03:42:25,007",4,4,105,4,40,40,True,LinearRegression,32,32,200,0,0,103,6,48
"2016-11-21 03:42:32,588",4,4,105,4,40,40,True,LinearRegression,32,32,200,0,19,15,20,14
"2016-11-21 03:42:39,390",4,4,105,4,40,40,True,LinearRegression,32,32,200,0,24,8,24,8
"2016-11-21 03:42:46,017",4,4,105,4,40,40,True,LinearRegression,32,32,200,0,29,3,28,4
"2016-11-21 03:42:52,465",4,4,105,4,40,40,True,LinearRegression,32,32,200,0,0,68,5,41
"2016-11-21 03:42:59,395",4,4,105,4,40,40,True,LinearRegression,32,32,200,0,0,105,9,35
"2016-11-21 03:43:05,978",4,4,105,4,40,40,True,LinearRegression,32,32,200,0,11,31,26,7
"2016-11-21 03:43:12,513",4,4,105,4,40,40,True,LinearRegression,32,32,200,0,0,127,3,50
"2016-11-21 03:43:19,438",4,4,105,4,40,40,True,LinearRegression,32,32,200,0,0,53,16,17
"2016-11-21 03:43:25,908",4,4,105,4,40,40,True,LinearRegression,32,32,200,0,8,32,16,16
"2016-11-21 03:43:32,508",4,4,105,4,40,40,True,LinearRegression,32,32,200,0,0,85,13,24
"2016-11-21 03:43:39,207",4,4,105,4,40,40,True,LinearRegression,32,32,200,1,32,0,32,0
"2016-11-21 03:43:46,374",4,4,105,4,40,40,True,LinearRegression,32,32,200,0,0,81,11,24
"2016-11-21 03:43:53,329",4,4,105,4,40,40,True,LinearRegression,32,32,200,0,0,94,2,49
"2016-11-21 03:44:00,669",4,4,105,4,40,40,True,LinearRegression,32,32,200,1,32,0,32,0
"2016-11-21 03:44:07,311",4,4,105,4,40,40,True,LinearRegression,32,32,200,0,20,12,26,6
"2016-11-21 03:44:14,373",4,4,105,4,40,40,True,LinearRegression,32,32,200,0,8,32,6,42
"2016-11-21 03:44:20,496",4,4,105,4,40,40,True,LinearRegression,32,32,200,1,16,16,32,0
"2016-11-21 03:44:26,949",4,4,105,4,40,40,True,LinearRegression,32,32,200,0,13,25,15,19
"2016-11-21 03:44:33,028",4,4,105,4,40,40,True,LinearRegression,32,32,200,0,0,112,0,72
"2016-11-21 03:44:41,580",4,4,105,4,40,40,True,LinearRegression,32,32,200,0,8,32,7,30
"2016-11-21 03:44:48,255",4,4,105,4,40,40,True,LinearRegression,32,32,200,0,18,16,20,13
"2016-11-21 03:44:55,302",4,4,105,4,40,40,True,LinearRegression,32,32,200,1,16,16,32,0
"2016-11-21 03:45:01,843",4,4,105,4,40,40,True,LinearRegression,32,32,200,0,11,24,12,23
"2016-11-21 03:45:08,664",4,4,105,4,40,40,True,LinearRegression,32,32,200,0,1,61,18,15
"2016-11-21 03:45:15,688",4,4,105,4,40,40,True,LinearRegression,32,32,200,0,4,56,15,34
"2016-11-21 03:45:22,728",4,4,105,4,40,40,True,LinearRegression,32,32,200,0,0,68,17,17
"2016-11-21 03:45:29,217",4,4,105,4,40,40,True,LinearRegression,32,32,200,0,10,29,9,26
"2016-11-21 03:45:35,449",4,4,105,4,40,40,True,LinearRegression,32,32,200,0,8,31,18,23
"2016-11-21 03:45:41,918",4,4,105,4,40,40,True,LinearRegression,32,32,200,0,8,34,7,31
"2016-11-21 03:45:48,754",4,4,105,4,40,40,True,LinearRegression,32,32,200,0,0,61,12,26
"2016-11-21 03:45:55,941",4,4,105,4,40,40,True,LinearRegression,32,32,200,0,0,136,7,48
"2016-11-21 03:46:02,856",4,4,105,4,40,40,True,LinearRegression,32,32,200,0,11,28,26,6
"2016-11-21 03:46:09,034",4,4,105,4,40,40,True,LinearRegression,32,32,200,0,4,46,19,23
"2016-11-21 03:46:15,989",4,4,105,4,40,40,True,LinearRegression,32,32,200,0,9,28,17,16
"2016-11-21 03:46:23,364",4,4,105,4,40,40,True,LinearRegression,32,32,200,0,29,3,29,3
"2016-11-21 03:46:29,785",4,4,105,4,40,40,True,LinearRegression,32,32,200,0,0,63,7,35
"2016-11-21 03:46:36,910",4,4,105,4,40,40,True,LinearRegression,32,32,200,0,0,70,8,32
"2016-11-21 03:46:43,265",4,4,105,4,40,40,True,LinearRegression,32,32,200,0,0,153,5,54
"2016-11-21 03:46:49,874",4,4,105,4,40,40,True,LinearRegression,32,32,200,0,0,137,6,53
"2016-11-21 03:46:56,692",4,4,105,4,40,40,True,LinearRegression,32,32,200,0,15,19,15,19
"2016-11-21 03:47:03,365",4,4,105,4,40,40,True,LinearRegression,32,32,200,0,31,1,31,1
"2016-11-21 02:50:48,608",4,4,105,4,40,40,True,LinearRegression,32,32,200,0,12,24,12,24
"2016-11-21 02:50:55,447",4,4,105,4,40,40,True,LinearRegression,32,32,200,0,0,126,5,47
"2016-11-21 02:51:02,117",4,4,105,4,40,40,True,LinearRegression,32,32,200,0,29,4,28,4
"2016-11-21 02:51:09,045",4,4,105,4,40,40,True,LinearRegression,32,32,200,0,24,8,26,6
"2016-11-21 02:51:16,100",4,4,105,4,40,40,True,LinearRegression,32,32,200,0,0,75,10,34
"2016-11-21 02:51:22,216",4,4,105,4,40,40,True,LinearRegression,32,32,200,0,14,25,16,20
"2016-11-21 02:51:28,675",4,4,105,4,40,40,True,LinearRegression,32,32,200,0,0,130,3,61
"2016-11-21 02:51:36,184",4,4,105,4,40,40,True,LinearRegression,32,32,200,0,0,100,5,45
"2016-11-21 02:51:42,987",4,4,105,4,40,40,True,LinearRegression,32,32,200,0,18,17,19,15
"2016-11-21 02:51:49,583",4,4,105,4,40,40,True,LinearRegression,32,32,200,0,0,38,18,15
"2016-11-21 02:51:56,054",4,4,105,4,40,40,True,LinearRegression,32,32,200,0,17,16,20,13
"2016-11-21 02:52:03,034",4,4,105,4,40,40,True,LinearRegression,32,32,200,0,19,13,22,10
"2016-11-21 02:52:09,711",4,4,105,4,40,40,True,LinearRegression,32,32,200,0,0,139,10,29
"2016-11-21 02:52:16,677",4,4,105,4,40,40,True,LinearRegression,32,32,200,0,0,104,6,39
"2016-11-21 02:52:23,311",4,4,105,4,40,40,True,LinearRegression,32,32,200,0,27,5,27,5
"2016-11-21 02:52:30,249",4,4,105,4,40,40,True,LinearRegression,32,32,200,0,12,23,12,23
"2016-11-21 02:52:37,312",4,4,105,4,40,40,True,LinearRegression,32,32,200,0,0,123,5,44
"2016-11-21 02:52:43,953",4,4,105,4,40,40,True,LinearRegression,32,32,200,0,20,13,26,6
"2016-11-21 02:52:50,828",4,4,105,4,40,40,True,LinearRegression,32,32,200,0,0,101,8,36
"2016-11-21 02:52:57,824",4,4,105,4,40,40,True,LinearRegression,32,32,200,0,0,113,8,36
"2016-11-21 02:53:04,702",4,4,105,4,40,40,True,LinearRegression,32,32,200,0,2,64,19,13
"2016-11-21 02:53:11,504",4,4,105,4,40,40,True,LinearRegression,32,32,200,1,8,32,32,0
"2016-11-21 02:53:18,342",4,4,105,4,40,40,True,LinearRegression,32,32,200,0,9,38,21,11
"2016-11-21 02:53:25,802",4,4,105,4,40,40,True,LinearRegression,32,32,200,0,16,18,28,4
"2016-11-21 02:53:32,567",4,4,105,4,40,40,True,LinearRegression,32,32,200,0,19,16,19,16
"2016-11-21 02:53:39,279",4,4,105,4,40,40,True,LinearRegression,32,32,200,0,27,5,27,5
"2016-11-21 02:53:46,343",4,4,105,4,40,40,True,LinearRegression,32,32,200,0,25,7,25,7
"2016-11-21 02:53:53,134",4,4,105,4,40,40,True,LinearRegression,32,32,200,0,16,19,24,8
"2016-11-21 02:54:00,025",4,4,105,4,40,40,True,LinearRegression,32,32,200,0,16,16,16,16
"2016-11-21 02:54:06,894",4,4,105,4,40,40,True,LinearRegression,32,32,200,0,21,11,21,11
"2016-11-21 02:54:13,641",4,4,105,4,40,40,True,LinearRegression,32,32,200,1,32,0,32,0
"2016-11-21 02:54:20,102",4,4,105,4,40,40,True,LinearRegression,32,32,200,1,32,0,32,0
"2016-11-21 02:54:26,365",4,4,105,4,40,40,True,LinearRegression,32,32,200,0,0,92,24,12
"2016-11-21 02:54:33,063",4,4,105,4,40,40,True,LinearRegression,32,32,200,0,0,140,3,52
"2016-11-21 02:54:39,713",4,4,105,4,40,40,True,LinearRegression,32,32,200,1,32,0,32,0
"2016-11-21 02:54:46,291",4,4,105,4,40,40,True,LinearRegression,32,32,200,0,13,24,15,20
"2016-11-21 02:54:52,871",4,4,105,4,40,40,True,LinearRegression,32,32,200,0,0,121,6,61
"2016-11-21 02:54:59,577",4,4,105,4,40,40,True,LinearRegression,32,32,200,0,23,13,22,13
"2016-11-21 02:55:05,875",4,4,105,4,40,40,True,LinearRegression,32,32,200,0,17,16,24,8
"2016-11-21 02:55:13,031",4,4,105,4,40,40,True,LinearRegression,32,32,200,0,0,106,5,40
"2016-11-21 02:55:20,013",4,4,105,4,40,40,True,LinearRegression,32,32,200,0,0,32,8,24
"2016-11-21 02:55:27,609",4,4,105,4,40,40,True,LinearRegression,32,32,200,0,0,81,8,29
"2016-11-21 02:55:33,899",4,4,105,4,40,40,True,LinearRegression,32,32,200,0,0,117,6,36
"2016-11-21 02:55:40,343",4,4,105,4,40,40,True,LinearRegression,32,32,200,0,6,41,8,32
"2016-11-21 02:55:47,136",4,4,105,4,40,40,True,LinearRegression,32,32,200,0,24,8,24,8
"2016-11-21 02:55:54,083",4,4,105,4,40,40,True,LinearRegression,32,32,200,1,32,0,32,0
"2016-11-21 02:56:01,416",4,4,105,4,40,40,True,LinearRegression,32,32,200,0,0,70,9,29
"2016-11-21 02:56:08,158",4,4,105,4,40,40,True,LinearRegression,32,32,200,0,0,95,10,31
"2016-11-21 02:56:14,880",4,4,105,4,40,40,True,LinearRegression,32,32,200,0,5,28,22,10
"2016-11-21 02:56:20,913",4,4,105,4,40,40,True,LinearRegression,32,32,200,0,1,91,20,13
"2016-11-21 02:56:27,334",4,4,105,4,40,40,True,LinearRegression,32,32,200,0,0,67,11,29
"2016-11-21 02:56:33,768",4,4,105,4,40,40,True,LinearRegression,32,32,200,0,1,74,4,44
"2016-11-21 02:56:42,285",4,4,105,4,40,40,True,LinearRegression,32,32,200,0,0,115,14,29
"2016-11-21 02:56:48,698",4,4,105,4,40,40,True,LinearRegression,32,32,200,0,0,67,10,29
"2016-11-21 02:56:55,365",4,4,105,4,40,40,True,LinearRegression,32,32,200,0,15,21,16,20
"2016-11-21 02:57:02,256",4,4,105,4,40,40,True,LinearRegression,32,32,200,0,0,64,7,31
"2016-11-21 02:57:08,683",4,4,105,4,40,40,True,LinearRegression,32,32,200,0,16,17,28,4
"2016-11-21 02:57:15,533",4,4,105,4,40,40,True,LinearRegression,32,32,200,0,31,1,31,1
"2016-11-21 02:57:22,124",4,4,105,4,40,40,True,LinearRegression,32,32,200,0,0,131,4,51
"2016-11-21 02:57:29,286",4,4,105,4,40,40,True,LinearRegression,32,32,200,0,0,65,18,17
"2016-11-21 02:57:35,437",4,4,105,4,40,40,True,LinearRegression,32,32,200,0,27,5,29,3
"2016-11-21 02:57:41,937",4,4,105,4,40,40,True,LinearRegression,32,32,200,0,26,6,28,4
"2016-11-21 02:57:49,285",4,4,105,4,40,40,True,LinearRegression,32,32,200,0,9,31,28,5
"2016-11-21 02:57:56,177",4,4,105,4,40,40,True,LinearRegression,32,32,200,0,26,7,27,6
"2016-11-21 02:58:02,549",4,4,105,4,40,40,True,LinearRegression,32,32,200,0,0,94,10,33
"2016-11-21 02:58:09,275",4,4,105,4,40,40,True,LinearRegression,32,32,200,0,12,20,14,19
"2016-11-21 02:58:16,134",4,4,105,4,40,40,True,LinearRegression,32,32,200,0,0,121,4,46
"2016-11-21 02:58:22,993",4,4,105,4,40,40,True,LinearRegression,32,32,200,0,26,6,29,3
"2016-11-21 02:58:29,969",4,4,105,4,40,40,True,LinearRegression,32,32,200,0,0,100,14,26
"2016-11-21 02:58:37,060",4,4,105,4,40,40,True,LinearRegression,32,32,200,0,31,1,31,1
"2016-11-21 02:58:44,162",4,4,105,4,40,40,True,LinearRegression,32,32,200,0,8,33,8,32
"2016-11-21 02:58:51,232",4,4,105,4,40,40,True,LinearRegression,32,32,200,0,1,66,8,27
"2016-11-21 02:58:57,783",4,4,105,4,40,40,True,LinearRegression,32,32,200,0,29,3,30,2
"2016-11-21 02:59:04,104",4,4,105,4,40,40,True,LinearRegression,32,32,200,0,8,30,8,32
"2016-11-21 02:59:10,607",4,4,105,4,40,40,True,LinearRegression,32,32,200,0,0,132,3,62
"2016-11-21 02:59:17,358",4,4,105,4,40,40,True,LinearRegression,32,32,200,0,30,2,30,2
"2016-11-21 02:59:24,131",4,4,105,4,40,40,True,LinearRegression,32,32,200,0,0,102,9,36
"2016-11-21 02:59:30,735",4,4,105,4,40,40,True,LinearRegression,32,32,200,1,32,0,32,0
"2016-11-21 02:59:37,379",4,4,105,4,40,40,True,LinearRegression,32,32,200,0,28,4,28,4
"2016-11-21 02:59:43,762",4,4,105,4,40,40,True,LinearRegression,32,32,200,0,7,35,21,14
"2016-11-21 02:59:50,067",4,4,105,4,40,40,True,LinearRegression,32,32,200,0,15,21,27,6
"2016-11-21 02:59:58,739",4,4,105,4,40,40,True,LinearRegression,32,32,200,1,32,0,32,0
"2016-11-21 03:00:05,700",4,4,105,4,40,40,True,LinearRegression,32,32,200,0,2,63,0,87
"2016-11-21 03:00:12,170",4,4,105,4,40,40,True,LinearRegression,32,32,200,0,1,66,16,20
"2016-11-21 03:00:18,934",4,4,105,4,40,40,True,LinearRegression,32,32,200,0,8,29,23,9
"2016-11-21 03:00:25,596",4,4,105,4,40,40,True,LinearRegression,32,32,200,0,0,110,14,31
"2016-11-21 03:00:32,448",4,4,105,4,40,40,True,LinearRegression,32,32,200,0,0,140,3,58
"2016-11-21 03:00:39,226",4,4,105,4,40,40,True,LinearRegression,32,32,200,0,0,55,7,34
"2016-11-21 03:00:45,856",4,4,105,4,40,40,True,LinearRegression,32,32,200,0,22,13,23,12
"2016-11-21 03:00:52,725",4,4,105,4,40,40,True,LinearRegression,32,32,200,0,26,6,26,6
"2016-11-21 03:00:59,314",4,4,105,4,40,40,True,LinearRegression,32,32,200,0,0,152,3,60
"2016-11-21 03:01:05,465",4,4,105,4,40,40,True,LinearRegression,32,32,200,0,0,73,17,18
"2016-11-21 03:01:13,582",4,4,105,4,40,40,True,LinearRegression,32,32,200,0,6,35,19,13
"2016-11-21 03:01:20,199",4,4,105,4,40,40,True,LinearRegression,32,32,200,0,4,42,17,19
"2016-11-21 03:01:26,849",4,4,105,4,40,40,True,LinearRegression,32,32,200,0,23,11,23,11
"2016-11-21 03:01:32,570",4,4,105,4,40,40,True,LinearRegression,32,32,200,0,21,11,27,5
"2016-11-21 03:01:40,276",4,4,105,4,40,40,True,LinearRegression,32,32,200,0,15,19,29,3
"2016-11-21 03:01:46,939",4,4,105,4,40,40,True,LinearRegression,32,32,200,0,10,31,12,27
"2016-11-21 03:01:53,618",4,4,105,4,40,40,True,LinearRegression,32,32,200,0,9,31,9,29
"2016-11-21 03:02:00,664",4,4,105,4,40,40,True,LinearRegression,32,32,200,0,17,18,19,13
"2016-11-21 03:02:07,771",4,4,105,4,40,40,True,LinearRegression,32,32,200,0,21,12,22,10
"2016-11-21 03:02:14,846",4,4,105,4,40,40,True,LinearRegression,32,32,200,0,0,130,2,59
"2016-11-21 03:02:21,488",4,4,105,4,40,40,True,LinearRegression,32,32,200,0,11,39,19,23
"2016-11-21 03:02:27,894",4,4,105,4,40,40,True,LinearRegression,32,32,200,0,0,133,10,39
"2016-11-21 03:02:35,234",4,4,105,4,40,40,True,LinearRegression,32,32,200,0,31,1,31,1
"2016-11-21 03:02:41,813",4,4,105,4,40,40,True,LinearRegression,32,32,200,1,32,0,32,0
"2016-11-21 03:02:48,551",4,4,105,4,40,40,True,LinearRegression,32,32,200,0,28,4,28,4
"2016-11-21 03:02:55,134",4,4,105,4,40,40,True,LinearRegression,32,32,200,0,0,160,0,100
"2016-11-21 03:03:02,094",4,4,105,4,40,40,True,LinearRegression,32,32,200,0,0,70,13,23
"2016-11-21 03:03:09,077",4,4,105,4,40,40,True,LinearRegression,32,32,200,0,0,127,6,43
"2016-11-21 03:03:16,093",4,4,105,4,40,40,True,LinearRegression,32,32,200,0,13,26,26,6
"2016-11-21 03:03:23,007",4,4,105,4,40,40,True,LinearRegression,32,32,200,0,0,60,15,21
"2016-11-21 03:03:29,666",4,4,105,4,40,40,True,LinearRegression,32,32,200,0,25,7,27,5
"2016-11-21 03:03:35,875",4,4,105,4,40,40,True,LinearRegression,32,32,200,1,32,0,32,0
"2016-11-21 03:03:42,844",4,4,105,4,40,40,True,LinearRegression,32,32,200,0,7,38,18,16
"2016-11-21 03:03:50,025",4,4,105,4,40,40,True,LinearRegression,32,32,200,0,21,11,21,11
"2016-11-21 03:03:57,064",4,4,105,4,40,40,True,LinearRegression,32,32,200,0,0,137,4,51
"2016-11-21 03:04:03,821",4,4,105,4,40,40,True,LinearRegression,32,32,200,1,32,0,32,0
"2016-11-21 03:04:10,641",4,4,105,4,40,40,True,LinearRegression,32,32,200,0,25,7,25,7
"2016-11-21 03:04:17,147",4,4,105,4,40,40,True,LinearRegression,32,32,200,0,31,1,31,1
"2016-11-21 03:04:24,613",4,4,105,4,40,40,True,LinearRegression,32,32,200,1,32,0,32,0
"2016-11-21 03:04:31,342",4,4,105,4,40,40,True,LinearRegression,32,32,200,0,16,19,15,19
"2016-11-21 03:04:38,461",4,4,105,4,40,40,True,LinearRegression,32,32,200,0,0,155,1,68
"2016-11-21 03:04:44,656",4,4,105,4,40,40,True,LinearRegression,32,32,200,0,24,8,22,10
"2016-11-21 03:04:51,301",4,4,105,4,40,40,True,LinearRegression,32,32,200,0,7,35,8,32
"2016-11-21 03:04:58,038",4,4,105,4,40,40,True,LinearRegression,32,32,200,0,0,132,4,53
"2016-11-21 03:05:04,757",4,4,105,4,40,40,True,LinearRegression,32,32,200,0,0,72,12,27
"2016-11-21 03:05:11,469",4,4,105,4,40,40,True,LinearRegression,32,32,200,1,16,16,32,0
"2016-11-21 03:05:18,170",4,4,105,4,40,40,True,LinearRegression,32,32,200,0,19,14,28,4
"2016-11-21 03:05:24,612",4,4,105,4,40,40,True,LinearRegression,32,32,200,0,0,114,4,66
"2016-11-21 03:05:31,802",4,4,105,4,40,40,True,LinearRegression,32,32,200,0,0,144,5,55
"2016-11-21 03:05:38,777",4,4,105,4,40,40,True,LinearRegression,32,32,200,0,17,17,20,16
"2016-11-21 03:05:45,690",4,4,105,4,40,40,True,LinearRegression,32,32,200,1,31,1,32,0
"2016-11-21 03:05:51,970",4,4,105,4,40,40,True,LinearRegression,32,32,200,0,2,45,22,10
"2016-11-21 03:05:59,306",4,4,105,4,40,40,True,LinearRegression,32,32,200,1,16,16,32,0
"2016-11-21 03:06:05,376",4,4,105,4,40,40,True,LinearRegression,32,32,200,0,0,87,12,36
"2016-11-21 03:06:13,375",4,4,105,4,40,40,True,LinearRegression,32,32,200,0,0,89,16,22
"2016-11-21 03:06:19,895",4,4,105,4,40,40,True,LinearRegression,32,32,200,1,15,18,32,0
"2016-11-21 03:06:26,739",4,4,105,4,40,40,True,LinearRegression,32,32,200,0,0,74,11,27
"2016-11-21 03:06:33,355",4,4,105,4,40,40,True,LinearRegression,32,32,200,0,4,40,22,11
"2016-11-21 03:06:39,597",4,4,105,4,40,40,True,LinearRegression,32,32,200,0,10,28,10,26
"2016-11-21 03:06:47,140",4,4,105,4,40,40,True,LinearRegression,32,32,200,0,4,45,24,11
"2016-11-21 03:06:54,523",4,4,105,4,40,40,True,LinearRegression,32,32,200,0,9,29,11,25
"2016-11-21 03:07:01,473",4,4,105,4,40,40,True,LinearRegression,32,32,200,0,20,12,22,10
"2016-11-21 03:07:07,987",4,4,105,4,40,40,True,LinearRegression,32,32,200,0,0,160,0,78
"2016-11-21 03:07:14,932",4,4,105,4,40,40,True,LinearRegression,32,32,200,0,0,67,9,31
"2016-11-21 03:07:21,666",4,4,105,4,40,40,True,LinearRegression,32,32,200,0,7,34,11,27
"2016-11-21 03:07:28,435",4,4,105,4,40,40,True,LinearRegression,32,32,200,0,13,21,15,17
"2016-11-21 03:07:35,406",4,4,105,4,40,40,True,LinearRegression,32,32,200,0,4,48,1,58
"2016-11-21 03:07:42,393",4,4,105,4,40,40,True,LinearRegression,32,32,200,0,27,5,29,3
"2016-11-21 03:07:49,305",4,4,105,4,40,40,True,LinearRegression,32,32,200,0,0,129,4,46
"2016-11-21 03:07:55,902",4,4,105,4,40,40,True,LinearRegression,32,32,200,0,17,23,21,14
"2016-11-21 03:08:02,539",4,4,105,4,40,40,True,LinearRegression,32,32,200,0,8,42,13,31
"2016-11-21 03:08:09,046",4,4,105,4,40,40,True,LinearRegression,32,32,200,0,11,30,11,30
"2016-11-21 03:08:15,098",4,4,105,4,40,40,True,LinearRegression,32,32,200,0,0,81,9,32
"2016-11-21 03:08:21,742",4,4,105,4,40,40,True,LinearRegression,32,32,200,0,22,12,22,10
"2016-11-21 03:08:28,653",4,4,105,4,40,40,True,LinearRegression,32,32,200,1,32,0,32,0
"2016-11-21 03:08:35,941",4,4,105,4,40,40,True,LinearRegression,32,32,200,1,31,1,32,0
"2016-11-21 03:08:41,798",4,4,105,4,40,40,True,LinearRegression,32,32,200,0,0,159,4,64
"2016-11-21 03:08:48,160",4,4,105,4,40,40,True,LinearRegression,32,32,200,0,0,79,4,49
"2016-11-21 03:08:56,551",4,4,105,4,40,40,True,LinearRegression,32,32,200,0,0,118,16,21
"2016-11-21 03:09:03,625",4,4,105,4,40,40,True,LinearRegression,32,32,200,1,32,0,32,0
"2016-11-21 03:09:09,781",4,4,105,4,40,40,True,LinearRegression,32,32,200,0,21,15,29,3
"2016-11-21 03:09:17,028",4,4,105,4,40,40,True,LinearRegression,32,32,200,0,7,45,7,32
"2016-11-21 03:09:23,937",4,4,105,4,40,40,True,LinearRegression,32,32,200,0,0,161,3,66
"2016-11-21 03:09:30,897",4,4,105,4,40,40,True,LinearRegression,32,32,200,0,28,4,29,3
"2016-11-21 03:09:37,540",4,4,105,4,40,40,True,LinearRegression,32,32,200,0,13,19,26,7
"2016-11-21 03:09:44,209",4,4,105,4,40,40,True,LinearRegression,32,32,200,0,0,122,2,59
"2016-11-21 03:09:50,816",4,4,105,4,40,40,True,LinearRegression,32,32,200,0,8,36,5,40
"2016-11-21 03:09:58,639",4,4,105,4,40,40,True,LinearRegression,32,32,200,0,18,17,22,13
"2016-11-21 03:10:05,400",4,4,105,4,40,40,True,LinearRegression,32,32,200,0,4,36,22,10
"2016-11-21 03:10:11,836",4,4,105,4,40,40,True,LinearRegression,32,32,200,0,27,6,27,6
"2016-11-21 03:10:18,888",4,4,105,4,40,40,True,LinearRegression,32,32,200,0,18,18,27,5
"2016-11-21 03:10:25,725",4,4,105,4,40,40,True,LinearRegression,32,32,200,0,3,53,23,12
"2016-11-21 03:10:32,774",4,4,105,4,40,40,True,LinearRegression,32,32,200,1,16,16,32,0
"2016-11-21 03:10:39,168",4,4,105,4,40,40,True,LinearRegression,32,32,200,0,29,3,29,3
"2016-11-21 03:10:45,928",4,4,105,4,40,40,True,LinearRegression,32,32,200,1,32,0,32,0
"2016-11-21 03:10:52,381",4,4,105,4,40,40,True,LinearRegression,32,32,200,0,14,21,26,6
"2016-11-21 03:10:59,906",4,4,105,4,40,40,True,LinearRegression,32,32,200,0,0,41,22,10
"2016-11-21 03:11:06,426",4,4,105,4,40,40,True,LinearRegression,32,32,200,0,8,35,21,12
"2016-11-21 03:11:12,432",4,4,105,4,40,40,True,LinearRegression,32,32,200,0,24,9,25,8
"2016-11-21 03:11:19,821",4,4,105,4,40,40,True,LinearRegression,32,32,200,0,14,18,28,4
"2016-11-21 03:11:26,364",4,4,105,4,40,40,True,LinearRegression,32,32,200,0,23,12,23,12
"2016-11-21 03:11:33,072",4,4,105,4,40,40,True,LinearRegression,32,32,200,0,0,66,15,22
"2016-11-21 03:11:39,503",4,4,105,4,40,40,True,LinearRegression,32,32,200,0,0,77,13,25
"2016-11-21 03:11:45,868",4,4,105,4,40,40,True,LinearRegression,32,32,200,0,15,19,26,6
"2016-11-21 03:11:52,448",4,4,105,4,40,40,True,LinearRegression,32,32,200,0,30,2,30,2
"2016-11-21 03:11:59,174",4,4,105,4,40,40,True,LinearRegression,32,32,200,0,0,95,7,37
"2016-11-21 03:12:06,020",4,4,105,4,40,40,True,LinearRegression,32,32,200,0,24,8,28,4
"2016-11-21 03:12:13,205",4,4,105,4,40,40,True,LinearRegression,32,32,200,0,0,160,1,113
"2016-11-21 03:12:19,793",4,4,105,4,40,40,True,LinearRegression,32,32,200,0,28,4,30,2
"2016-11-21 03:12:26,406",4,4,105,4,40,40,True,LinearRegression,32,32,200,0,4,46,28,5
"2016-11-21 03:12:32,859",4,4,105,4,40,40,True,LinearRegression,32,32,200,0,0,160,0,92
"2016-11-21 03:12:39,622",4,4,105,4,40,40,True,LinearRegression,32,32,200,0,31,1,31,1
"2016-11-21 03:12:46,449",4,4,105,4,40,40,True,LinearRegression,32,32,200,0,5,40,7,36
"2016-11-21 03:12:53,477",4,4,105,4,40,40,True,LinearRegression,32,32,200,0,0,44,24,8
"2016-11-21 03:13:00,683",4,4,105,4,40,40,True,LinearRegression,32,32,200,0,0,102,7,37
"2016-11-21 03:13:07,516",4,4,105,4,40,40,True,LinearRegression,32,32,200,0,0,171,2,65
"2016-11-21 03:13:13,932",4,4,105,4,40,40,True,LinearRegression,32,32,200,0,0,72,8,34
"2016-11-21 03:13:20,107",4,4,105,4,40,40,True,LinearRegression,32,32,200,0,31,1,31,1
"2016-11-21 03:13:26,799",4,4,105,4,40,40,True,LinearRegression,32,32,200,0,8,26,8,26
"2016-11-21 03:13:33,731",4,4,105,4,40,40,True,LinearRegression,32,32,200,0,7,37,27,6
"2016-11-21 03:13:41,660",4,4,105,4,40,40,True,LinearRegression,32,32,200,0,4,38,8,38
"2016-11-21 03:13:48,174",4,4,105,4,40,40,True,LinearRegression,32,32,200,0,22,10,24,8
"2016-11-21 03:13:54,513",4,4,105,4,40,40,True,LinearRegression,32,32,200,0,0,96,6,44
"2016-11-21 03:14:02,957",4,4,105,4,40,40,True,LinearRegression,32,32,200,1,8,32,32,0
"2016-11-21 03:14:09,813",4,4,105,4,40,40,True,LinearRegression,32,32,200,0,19,14,27,5
"2016-11-21 03:14:16,433",4,4,105,4,40,40,True,LinearRegression,32,32,200,0,24,9,26,7
"2016-11-21 03:14:23,037",4,4,105,4,40,40,True,LinearRegression,32,32,200,0,3,58,15,24
"2016-11-21 03:14:29,693",4,4,105,4,40,40,True,LinearRegression,32,32,200,1,32,0,32,0
"2016-11-21 03:14:37,154",4,4,105,4,40,40,True,LinearRegression,32,32,200,1,32,0,32,0
"2016-11-21 03:14:43,701",4,4,105,4,40,40,True,LinearRegression,32,32,200,0,0,77,13,24
"2016-11-21 03:14:49,722",4,4,105,4,40,40,True,LinearRegression,32,32,200,0,7,42,15,37
"2016-11-21 03:14:55,702",4,4,105,4,40,40,True,LinearRegression,32,32,200,0,0,100,9,37
"2016-11-21 03:15:04,203",4,4,105,4,40,40,True,LinearRegression,32,32,200,0,21,12,27,5
"2016-11-21 03:15:11,393",4,4,105,4,40,40,True,LinearRegression,32,32,200,0,18,24,28,4
"2016-11-21 03:15:18,913",4,4,105,4,40,40,True,LinearRegression,32,32,200,0,0,158,4,52
"2016-11-21 03:15:25,677",4,4,105,4,40,40,True,LinearRegression,32,32,200,0,23,13,31,1
"2016-11-21 03:15:32,378",4,4,105,4,40,40,True,LinearRegression,32,32,200,1,32,0,32,0
"2016-11-21 03:15:38,988",4,4,105,4,40,40,True,LinearRegression,32,32,200,0,16,18,17,16
"2016-11-21 03:15:45,920",4,4,105,4,40,40,True,LinearRegression,32,32,200,0,7,37,13,24
"2016-11-21 03:15:52,467",4,4,105,4,40,40,True,LinearRegression,32,32,200,0,16,17,28,4
"2016-11-21 03:15:59,394",4,4,105,4,40,40,True,LinearRegression,32,32,200,0,1,55,11,29
"2016-11-21 03:16:05,850",4,4,105,4,40,40,True,LinearRegression,32,32,200,0,21,12,27,5
"2016-11-21 03:16:12,224",4,4,105,4,40,40,True,LinearRegression,32,32,200,0,4,39,4,41
"2016-11-21 03:16:19,034",4,4,105,4,40,40,True,LinearRegression,32,32,200,0,0,129,4,49
"2016-11-21 03:16:25,685",4,4,105,4,40,40,True,LinearRegression,32,32,200,0,31,1,31,1
"2016-11-21 03:16:32,413",4,4,105,4,40,40,True,LinearRegression,32,32,200,0,0,79,16,19
"2016-11-21 03:16:39,564",4,4,105,4,40,40,True,LinearRegression,32,32,200,0,8,45,4,35
"2016-11-21 03:16:45,755",4,4,105,4,40,40,True,LinearRegression,32,32,200,0,1,36,18,14
"2016-11-21 03:16:52,410",4,4,105,4,40,40,True,LinearRegression,32,32,200,0,4,50,6,40
"2016-11-21 03:16:58,741",4,4,105,4,40,40,True,LinearRegression,32,32,200,0,20,15,20,15
"2016-11-21 03:17:05,224",4,4,105,4,40,40,True,LinearRegression,32,32,200,0,0,134,4,54
"2016-11-21 03:17:12,895",4,4,105,4,40,40,True,LinearRegression,32,32,200,0,8,34,28,4
"2016-11-21 03:17:19,449",4,4,105,4,40,40,True,LinearRegression,32,32,200,0,0,154,5,58
"2016-11-21 03:17:26,693",4,4,105,4,40,40,True,LinearRegression,32,32,200,0,11,26,24,9
"2016-11-21 03:17:34,148",4,4,105,4,40,40,True,LinearRegression,32,32,200,0,15,23,15,23
"2016-11-21 03:17:41,042",4,4,105,4,40,40,True,LinearRegression,32,32,200,0,10,30,24,8
"2016-11-21 03:17:48,375",4,4,105,4,40,40,True,LinearRegression,32,32,200,0,18,16,18,16
"2016-11-21 03:17:55,003",4,4,105,4,40,40,True,LinearRegression,32,32,200,1,4,40,32,0
"2016-11-21 03:18:01,933",4,4,105,4,40,40,True,LinearRegression,32,32,200,0,0,90,9,34
"2016-11-21 03:18:08,344",4,4,105,4,40,40,True,LinearRegression,32,32,200,0,12,24,19,16
"2016-11-21 03:18:15,072",4,4,105,4,40,40,True,LinearRegression,32,32,200,0,0,70,13,24
"2016-11-21 03:18:22,517",4,4,105,4,40,40,True,LinearRegression,32,32,200,0,20,12,21,12
"2016-11-21 03:18:29,077",4,4,105,4,40,40,True,LinearRegression,32,32,200,1,32,0,32,0
"2016-11-21 03:18:35,285",4,4,105,4,40,40,True,LinearRegression,32,32,200,0,31,1,31,1
"2016-11-21 03:18:42,241",4,4,105,4,40,40,True,LinearRegression,32,32,200,0,25,7,30,2
"2016-11-21 03:18:48,930",4,4,105,4,40,40,True,LinearRegression,32,32,200,0,0,41,16,17
"2016-11-21 03:18:55,879",4,4,105,4,40,40,True,LinearRegression,32,32,200,0,4,40,26,7
"2016-11-21 03:19:02,434",4,4,105,4,40,40,True,LinearRegression,32,32,200,0,0,117,5,49
"2016-11-21 03:19:09,566",4,4,105,4,40,40,True,LinearRegression,32,32,200,0,25,8,30,3
"2016-11-21 03:19:16,340",4,4,105,4,40,40,True,LinearRegression,32,32,200,0,24,8,25,7
"2016-11-21 03:19:22,837",4,4,105,4,40,40,True,LinearRegression,32,32,200,0,0,84,9,31
"2016-11-21 03:19:29,410",4,4,105,4,40,40,True,LinearRegression,32,32,200,0,0,118,5,50
"2016-11-21 03:19:36,114",4,4,105,4,40,40,True,LinearRegression,32,32,200,0,8,32,16,16
"2016-11-21 03:19:42,879",4,4,105,4,40,40,True,LinearRegression,32,32,200,0,16,16,14,18
"2016-11-21 03:19:49,949",4,4,105,4,40,40,True,LinearRegression,32,32,200,0,29,3,29,3
"2016-11-21 03:19:57,047",4,4,105,4,40,40,True,LinearRegression,32,32,200,0,0,124,13,30
"2016-11-21 03:20:03,764",4,4,105,4,40,40,True,LinearRegression,32,32,200,0,17,18,21,14
"2016-11-21 03:20:10,575",4,4,105,4,40,40,True,LinearRegression,32,32,200,0,9,32,5,40
"2016-11-21 03:20:17,012",4,4,105,4,40,40,True,LinearRegression,32,32,200,0,22,13,22,11
"2016-11-21 03:20:23,514",4,4,105,4,40,40,True,LinearRegression,32,32,200,0,28,4,28,4
"2016-11-21 03:20:30,538",4,4,105,4,40,40,True,LinearRegression,32,32,200,0,8,33,6,38
"2016-11-21 03:20:37,173",4,4,105,4,40,40,True,LinearRegression,32,32,200,0,1,67,16,22
"2016-11-21 03:20:43,789",4,4,105,4,40,40,True,LinearRegression,32,32,200,0,14,22,7,30
"2016-11-21 03:20:50,588",4,4,105,4,40,40,True,LinearRegression,32,32,200,0,0,101,10,30
"2016-11-21 03:20:57,106",4,4,105,4,40,40,True,LinearRegression,32,32,200,0,12,22,24,8
"2016-11-21 03:21:03,909",4,4,105,4,40,40,True,LinearRegression,32,32,200,0,6,39,13,23
"2016-11-21 03:21:10,706",4,4,105,4,40,40,True,LinearRegression,32,32,200,0,11,21,13,19
"2016-11-21 03:21:17,070",4,4,105,4,40,40,True,LinearRegression,32,32,200,0,0,96,4,50
"2016-11-21 03:21:25,043",4,4,105,4,40,40,True,LinearRegression,32,32,200,0,0,151,0,81
"2016-11-21 03:21:32,187",4,4,105,4,40,40,True,LinearRegression,32,32,200,0,0,33,16,16
"2016-11-21 03:21:38,892",4,4,105,4,40,40,True,LinearRegression,32,32,200,0,31,1,31,1
"2016-11-21 03:21:45,738",4,4,105,4,40,40,True,LinearRegression,32,32,200,0,22,10,26,6
"2016-11-21 03:21:52,358",4,4,105,4,40,40,True,LinearRegression,32,32,200,0,14,23,28,6
"2016-11-21 03:21:59,297",4,4,105,4,40,40,True,LinearRegression,32,32,200,0,22,11,27,6
"2016-11-21 03:22:06,019",4,4,105,4,40,40,True,LinearRegression,32,32,200,0,0,158,3,65
"2016-11-21 03:22:13,029",4,4,105,4,40,40,True,LinearRegression,32,32,200,1,32,0,32,0
"2016-11-21 03:22:19,835",4,4,105,4,40,40,True,LinearRegression,32,32,200,0,16,18,25,8
"2016-11-21 03:22:26,924",4,4,105,4,40,40,True,LinearRegression,32,32,200,0,0,130,8,42
"2016-11-21 03:22:33,143",4,4,105,4,40,40,True,LinearRegression,32,32,200,0,0,65,9,31
"2016-11-21 03:22:39,584",4,4,105,4,40,40,True,LinearRegression,32,32,200,0,20,12,27,5
"2016-11-21 03:22:46,133",4,4,105,4,40,40,True,LinearRegression,32,32,200,1,32,0,32,0
"2016-11-21 03:22:53,640",4,4,105,4,40,40,True,LinearRegression,32,32,200,0,18,15,23,9
"2016-11-21 03:23:00,665",4,4,105,4,40,40,True,LinearRegression,32,32,200,0,26,6,26,6
"2016-11-21 03:23:07,229",4,4,105,4,40,40,True,LinearRegression,32,32,200,0,0,129,5,54
"2016-11-21 03:23:13,765",4,4,105,4,40,40,True,LinearRegression,32,32,200,0,0,129,5,49
"2016-11-21 03:23:19,978",4,4,105,4,40,40,True,LinearRegression,32,32,200,1,16,16,32,0
"2016-11-21 03:23:28,121",4,4,105,4,40,40,True,LinearRegression,32,32,200,0,31,1,31,1
"2016-11-21 03:23:34,632",4,4,105,4,40,40,True,LinearRegression,32,32,200,0,16,26,14,24
"2016-11-21 03:23:41,119",4,4,105,4,40,40,True,LinearRegression,32,32,200,0,17,16,17,16
"2016-11-21 03:23:48,556",4,4,105,4,40,40,True,LinearRegression,32,32,200,0,20,15,22,12
"2016-11-21 03:23:55,785",4,4,105,4,40,40,True,LinearRegression,32,32,200,0,0,102,23,9
"2016-11-21 03:24:02,370",4,4,105,4,40,40,True,LinearRegression,32,32,200,0,0,90,14,23
"2016-11-21 03:24:08,593",4,4,105,4,40,40,True,LinearRegression,32,32,200,0,24,9,23,9
"2016-11-21 03:24:16,318",4,4,105,4,40,40,True,LinearRegression,32,32,200,0,23,9,23,9
"2016-11-21 03:24:23,329",4,4,105,4,40,40,True,LinearRegression,32,32,200,0,0,128,6,56
"2016-11-21 03:24:30,060",4,4,105,4,40,40,True,LinearRegression,32,32,200,0,8,39,4,45
"2016-11-21 03:24:36,814",4,4,105,4,40,40,True,LinearRegression,32,32,200,0,3,39,26,6
"2016-11-21 03:24:43,050",4,4,105,4,40,40,True,LinearRegression,32,32,200,0,7,29,24,13
"2016-11-21 03:24:49,720",4,4,105,4,40,40,True,LinearRegression,32,32,200,0,0,160,0,106
"2016-11-21 03:24:56,054",4,4,105,4,40,40,True,LinearRegression,32,32,200,1,32,0,32,0
"2016-11-21 03:25:04,525",4,4,105,4,40,40,True,LinearRegression,32,32,200,0,0,69,5,38
"2016-11-21 03:25:10,468",4,4,105,4,40,40,True,LinearRegression,32,32,200,0,18,15,28,5
"2016-11-21 03:25:16,342",4,4,105,4,40,40,True,LinearRegression,32,32,200,1,32,0,32,0
"2016-11-21 03:25:24,999",4,4,105,4,40,40,True,LinearRegression,32,32,200,0,0,102,6,40
"2016-11-21 03:25:31,368",4,4,105,4,40,40,True,LinearRegression,32,32,200,0,22,10,22,10
"2016-11-21 03:25:37,707",4,4,105,4,40,40,True,LinearRegression,32,32,200,1,32,0,32,0
"2016-11-21 03:25:44,910",4,4,105,4,40,40,True,LinearRegression,32,32,200,0,12,23,28,4
"2016-11-21 03:25:51,845",4,4,105,4,40,40,True,LinearRegression,32,32,200,0,16,17,31,1
"2016-11-21 03:25:58,987",4,4,105,4,40,40,True,LinearRegression,32,32,200,0,0,98,6,42
"2016-11-21 03:26:05,625",4,4,105,4,40,40,True,LinearRegression,32,32,200,0,25,7,25,7
"2016-11-21 03:26:12,280",4,4,105,4,40,40,True,LinearRegression,32,32,200,0,25,7,29,3
"2016-11-21 03:26:18,612",4,4,105,4,40,40,True,LinearRegression,32,32,200,0,16,16,16,16
"2016-11-21 03:26:25,556",4,4,105,4,40,40,True,LinearRegression,32,32,200,0,16,16,16,16
"2016-11-21 03:26:32,248",4,4,105,4,40,40,True,LinearRegression,32,32,200,0,0,117,4,48
"2016-11-21 03:26:39,313",4,4,105,4,40,40,True,LinearRegression,32,32,200,0,10,28,20,13
"2016-11-21 03:26:45,953",4,4,105,4,40,40,True,LinearRegression,32,32,200,0,0,160,2,109
"2016-11-21 03:26:52,618",4,4,105,4,40,40,True,LinearRegression,32,32,200,0,0,57,12,23
"2016-11-21 03:26:59,168",4,4,105,4,40,40,True,LinearRegression,32,32,200,0,6,40,4,36
"2016-11-21 03:27:05,653",4,4,105,4,40,40,True,LinearRegression,32,32,200,0,0,102,5,45
"2016-11-21 03:27:12,729",4,4,105,4,40,40,True,LinearRegression,32,32,200,0,5,37,21,13
"2016-11-21 03:27:19,796",4,4,105,4,40,40,True,LinearRegression,32,32,200,0,23,9,31,1
"2016-11-21 03:27:26,504",4,4,105,4,40,40,True,LinearRegression,32,32,200,0,0,97,6,41
"2016-11-21 03:27:33,161",4,4,105,4,40,40,True,LinearRegression,32,32,200,0,0,96,3,52
"2016-11-21 03:27:39,767",4,4,105,4,40,40,True,LinearRegression,32,32,200,0,16,17,21,12
"2016-11-21 03:27:46,489",4,4,105,4,40,40,True,LinearRegression,32,32,200,0,0,160,0,94
"2016-11-21 03:27:53,562",4,4,105,4,40,40,True,LinearRegression,32,32,200,0,0,81,12,29
"2016-11-21 03:28:01,257",4,4,105,4,40,40,True,LinearRegression,32,32,200,0,24,8,24,8
"2016-11-21 03:28:07,878",4,4,105,4,40,40,True,LinearRegression,32,32,200,0,10,30,15,20
"2016-11-21 03:28:15,106",4,4,105,4,40,40,True,LinearRegression,32,32,200,0,0,143,7,48
"2016-11-21 03:28:22,238",4,4,105,4,40,40,True,LinearRegression,32,32,200,0,18,16,28,4
"2016-11-21 03:28:28,944",4,4,105,4,40,40,True,LinearRegression,32,32,200,0,2,55,3,44
"2016-11-21 03:28:35,487",4,4,105,4,40,40,True,LinearRegression,32,32,200,0,8,41,18,20
"2016-11-21 03:28:42,469",4,4,105,4,40,40,True,LinearRegression,32,32,200,0,20,12,25,8
"2016-11-21 03:28:49,370",4,4,105,4,40,40,True,LinearRegression,32,32,200,0,0,113,19,16
"2016-11-21 03:28:56,425",4,4,105,4,40,40,True,LinearRegression,32,32,200,0,8,32,13,19
"2016-11-21 03:29:03,580",4,4,105,4,40,40,True,LinearRegression,32,32,200,0,0,116,5,38
"2016-11-21 03:29:10,595",4,4,105,4,40,40,True,LinearRegression,32,32,200,0,6,36,20,16
"2016-11-21 03:29:16,986",4,4,105,4,40,40,True,LinearRegression,32,32,200,0,25,7,25,7
"2016-11-21 03:29:23,667",4,4,105,4,40,40,True,LinearRegression,32,32,200,0,24,9,29,3
"2016-11-21 03:29:29,781",4,4,105,4,40,40,True,LinearRegression,32,32,200,1,16,16,32,0
"2016-11-21 03:29:37,221",4,4,105,4,40,40,True,LinearRegression,32,32,200,0,0,139,3,57
"2016-11-21 03:29:43,730",4,4,105,4,40,40,True,LinearRegression,32,32,200,1,24,8,32,0
"2016-11-21 03:29:50,522",4,4,105,4,40,40,True,LinearRegression,32,32,200,0,10,29,19,15
"2016-11-21 03:29:57,736",4,4,105,4,40,40,True,LinearRegression,32,32,200,0,0,151,2,70
"2016-11-21 03:30:04,988",4,4,105,4,40,40,True,LinearRegression,32,32,200,0,0,122,12,35
"2016-11-21 03:30:11,777",4,4,105,4,40,40,True,LinearRegression,32,32,200,0,13,22,26,6
"2016-11-21 03:30:17,890",4,4,105,4,40,40,True,LinearRegression,32,32,200,0,0,111,6,42
"2016-11-21 03:30:24,767",4,4,105,4,40,40,True,LinearRegression,32,32,200,0,5,44,4,40
"2016-11-21 03:30:30,938",4,4,105,4,40,40,True,LinearRegression,32,32,200,1,32,0,32,0
"2016-11-21 03:30:38,978",4,4,105,4,40,40,True,LinearRegression,32,32,200,0,17,16,19,15
"2016-11-21 03:30:45,149",4,4,105,4,40,40,True,LinearRegression,32,32,200,0,8,48,21,12
"2016-11-21 03:30:51,720",4,4,105,4,40,40,True,LinearRegression,32,32,200,0,14,18,25,8
"2016-11-21 03:30:58,268",4,4,105,4,40,40,True,LinearRegression,32,32,200,0,25,7,24,8
"2016-11-21 03:31:05,222",4,4,105,4,40,40,True,LinearRegression,32,32,200,0,29,3,30,2
"2016-11-21 03:31:11,951",4,4,105,4,40,40,True,LinearRegression,32,32,200,0,0,64,6,36
"2016-11-21 03:31:18,508",4,4,105,4,40,40,True,LinearRegression,32,32,200,0,9,30,24,8
"2016-11-21 03:31:25,023",4,4,105,4,40,40,True,LinearRegression,32,32,200,0,12,28,15,20
"2016-11-21 03:31:31,609",4,4,105,4,40,40,True,LinearRegression,32,32,200,0,0,131,3,53
"2016-11-21 03:31:38,489",4,4,105,4,40,40,True,LinearRegression,32,32,200,0,28,4,28,4
"2016-11-21 03:31:45,734",4,4,105,4,40,40,True,LinearRegression,32,32,200,0,0,126,2,58
"2016-11-21 03:31:51,733",4,4,105,4,40,40,True,LinearRegression,32,32,200,0,18,16,20,14
"2016-11-21 03:31:57,951",4,4,105,4,40,40,True,LinearRegression,32,32,200,0,16,16,20,12
"2016-11-21 03:32:04,343",4,4,105,4,40,40,True,LinearRegression,32,32,200,0,22,11,22,11
"2016-11-21 03:32:12,351",4,4,105,4,40,40,True,LinearRegression,32,32,200,0,11,25,21,13
"2016-11-21 03:32:18,858",4,4,105,4,40,40,True,LinearRegression,32,32,200,0,0,69,14,21
"2016-11-21 03:32:25,946",4,4,105,4,40,40,True,LinearRegression,32,32,200,0,28,4,28,4
"2016-11-21 03:32:32,996",4,4,105,4,40,40,True,LinearRegression,32,32,200,0,5,44,13,30
"2016-11-21 03:32:39,487",4,4,105,4,40,40,True,LinearRegression,32,32,200,1,32,0,32,0
"2016-11-21 03:32:45,473",4,4,105,4,40,40,True,LinearRegression,32,32,200,0,0,81,6,40
"2016-11-21 03:32:53,466",4,4,105,4,40,40,True,LinearRegression,32,32,200,0,15,29,11,26
"2016-11-21 03:33:00,361",4,4,105,4,40,40,True,LinearRegression,32,32,200,0,19,13,21,12
"2016-11-21 03:33:06,298",4,4,105,4,40,40,True,LinearRegression,32,32,200,0,20,13,22,12
"2016-11-21 03:33:14,176",4,4,105,4,40,40,True,LinearRegression,32,32,200,0,12,22,30,2
"2016-11-21 03:33:20,864",4,4,105,4,40,40,True,LinearRegression,32,32,200,0,0,99,13,31
"2016-11-21 03:33:27,601",4,4,105,4,40,40,True,LinearRegression,32,32,200,0,11,23,31,1
"2016-11-21 03:33:34,425",4,4,105,4,40,40,True,LinearRegression,32,32,200,0,7,38,26,7
"2016-11-21 03:33:41,018",4,4,105,4,40,40,True,LinearRegression,32,32,200,0,10,30,4,38
"2016-11-21 03:33:47,711",4,4,105,4,40,40,True,LinearRegression,32,32,200,0,8,36,20,21
"2016-11-21 03:33:54,179",4,4,105,4,40,40,True,LinearRegression,32,32,200,0,0,145,7,48
"2016-11-21 03:34:01,180",4,4,105,4,40,40,True,LinearRegression,32,32,200,0,11,26,7,28
"2016-11-21 03:34:08,362",4,4,105,4,40,40,True,LinearRegression,32,32,200,0,16,16,16,16
"2016-11-21 03:34:15,316",4,4,105,4,40,40,True,LinearRegression,32,32,200,0,26,7,29,3
"2016-11-21 03:34:22,004",4,4,105,4,40,40,True,LinearRegression,32,32,200,0,0,132,3,57
"2016-11-21 03:34:29,162",4,4,105,4,40,40,True,LinearRegression,32,32,200,0,28,4,28,4
"2016-11-21 03:34:36,015",4,4,105,4,40,40,True,LinearRegression,32,32,200,0,0,86,15,23
"2016-11-21 03:34:42,998",4,4,105,4,40,40,True,LinearRegression,32,32,200,0,16,16,16,16
"2016-11-21 03:34:49,717",4,4,105,4,40,40,True,LinearRegression,32,32,200,0,0,142,4,50
"2016-11-21 03:34:56,923",4,4,105,4,40,40,True,LinearRegression,32,32,200,0,0,97,9,28
"2016-11-21 03:35:04,473",4,4,105,4,40,40,True,LinearRegression,32,32,200,0,0,160,2,74
"2016-11-21 03:35:11,287",4,4,105,4,40,40,True,LinearRegression,32,32,200,0,27,5,31,1
"2016-11-21 03:35:18,278",4,4,105,4,40,40,True,LinearRegression,32,32,200,0,26,6,26,6
"2016-11-21 03:35:25,205",4,4,105,4,40,40,True,LinearRegression,32,32,200,0,0,136,7,54
"2016-11-21 03:35:31,606",4,4,105,4,40,40,True,LinearRegression,32,32,200,0,0,121,5,51
"2016-11-21 03:35:38,061",4,4,105,4,40,40,True,LinearRegression,32,32,200,0,4,49,26,10
"2016-11-21 03:35:44,922",4,4,105,4,40,40,True,LinearRegression,32,32,200,0,23,9,31,1
"2016-11-21 03:35:51,319",4,4,105,4,40,40,True,LinearRegression,32,32,200,0,25,7,25,7
"2016-11-21 03:35:58,846",4,4,105,4,40,40,True,LinearRegression,32,32,200,0,7,43,23,9
"2016-11-21 03:36:05,157",4,4,105,4,40,40,True,LinearRegression,32,32,200,1,32,0,32,0
"2016-11-21 03:36:11,898",4,4,105,4,40,40,True,LinearRegression,32,32,200,0,6,54,13,27
"2016-11-21 03:36:19,128",4,4,105,4,40,40,True,LinearRegression,32,32,200,0,19,18,21,17
"2016-11-21 03:36:25,385",4,4,105,4,40,40,True,LinearRegression,32,32,200,0,5,38,4,46
"2016-11-21 03:36:33,401",4,4,105,4,40,40,True,LinearRegression,32,32,200,0,28,4,28,4
"2016-11-21 03:36:39,773",4,4,105,4,40,40,True,LinearRegression,32,32,200,0,8,24,10,24
"2016-11-21 03:36:46,552",4,4,105,4,40,40,True,LinearRegression,32,32,200,0,0,146,5,53
"2016-11-21 03:36:53,057",4,4,105,4,40,40,True,LinearRegression,32,32,200,1,16,16,32,0
"2016-11-21 03:36:59,932",4,4,105,4,40,40,True,LinearRegression,32,32,200,0,0,159,3,66
"2016-11-21 03:37:06,418",4,4,105,4,40,40,True,LinearRegression,32,32,200,0,7,43,24,13
"2016-11-21 03:37:12,956",4,4,105,4,40,40,True,LinearRegression,32,32,200,0,0,122,9,34
"2016-11-21 03:37:19,865",4,4,105,4,40,40,True,LinearRegression,32,32,200,0,0,62,21,15
"2016-11-21 03:37:26,749",4,4,105,4,40,40,True,LinearRegression,32,32,200,1,8,32,32,0
"2016-11-21 03:37:33,589",4,4,105,4,40,40,True,LinearRegression,32,32,200,0,4,48,18,14
"2016-11-21 03:37:40,543",4,4,105,4,40,40,True,LinearRegression,32,32,200,0,31,1,30,2
"2016-11-21 03:37:47,201",4,4,105,4,40,40,True,LinearRegression,32,32,200,0,0,148,7,46
"2016-11-21 03:37:54,540",4,4,105,4,40,40,True,LinearRegression,32,32,200,0,0,80,11,25
"2016-11-21 03:38:01,284",4,4,105,4,40,40,True,LinearRegression,32,32,200,0,15,20,28,4
"2016-11-21 03:38:07,834",4,4,105,4,40,40,True,LinearRegression,32,32,200,0,17,17,23,10
"2016-11-21 03:38:14,815",4,4,105,4,40,40,True,LinearRegression,32,32,200,0,0,162,3,62
"2016-11-21 03:38:21,796",4,4,105,4,40,40,True,LinearRegression,32,32,200,0,0,96,10,29
"2016-11-21 03:38:28,625",4,4,105,4,40,40,True,LinearRegression,32,32,200,1,32,0,32,0
"2016-11-21 03:38:35,556",4,4,105,4,40,40,True,LinearRegression,32,32,200,0,13,26,22,11
"2016-11-21 03:38:41,913",4,4,105,4,40,40,True,LinearRegression,32,32,200,0,19,13,21,12
"2016-11-21 03:38:48,313",4,4,105,4,40,40,True,LinearRegression,32,32,200,0,25,7,25,7
"2016-11-21 03:38:55,535",4,4,105,4,40,40,True,LinearRegression,32,32,200,0,24,8,28,4
"2016-11-21 03:39:02,995",4,4,105,4,40,40,True,LinearRegression,32,32,200,0,8,32,7,34
"2016-11-21 03:39:09,882",4,4,105,4,40,40,True,LinearRegression,32,32,200,0,11,31,10,28
"2016-11-21 03:39:16,512",4,4,105,4,40,40,True,LinearRegression,32,32,200,0,31,1,31,1
"2016-11-21 03:39:23,101",4,4,105,4,40,40,True,LinearRegression,32,32,200,0,0,161,7,42
"2016-11-21 03:39:29,557",4,4,105,4,40,40,True,LinearRegression,32,32,200,0,7,34,12,20
"2016-11-21 03:39:35,937",4,4,105,4,40,40,True,LinearRegression,32,32,200,0,14,22,18,14
"2016-11-21 03:39:43,341",4,4,105,4,40,40,True,LinearRegression,32,32,200,0,12,25,25,7
"2016-11-21 03:39:49,963",4,4,105,4,40,40,True,LinearRegression,32,32,200,0,13,20,28,8
"2016-11-21 03:39:56,545",4,4,105,4,40,40,True,LinearRegression,32,32,200,0,6,36,12,27
"2016-11-21 03:40:03,200",4,4,105,4,40,40,True,LinearRegression,32,32,200,1,32,0,32,0
"2016-11-21 03:40:09,699",4,4,105,4,40,40,True,LinearRegression,32,32,200,1,16,16,32,0
"2016-11-21 03:40:16,523",4,4,105,4,40,40,True,LinearRegression,32,32,200,0,3,51,14,36
"2016-11-21 03:40:23,008",4,4,105,4,40,40,True,LinearRegression,32,32,200,0,0,134,12,32
"2016-11-21 03:40:30,117",4,4,105,4,40,40,True,LinearRegression,32,32,200,0,8,31,17,15
"2016-11-21 03:40:36,774",4,4,105,4,40,40,True,LinearRegression,32,32,200,0,15,17,31,1
"2016-11-21 03:40:43,644",4,4,105,4,40,40,True,LinearRegression,32,32,200,0,0,77,8,32
"2016-11-21 03:40:51,410",4,4,105,4,40,40,True,LinearRegression,32,32,200,0,28,4,29,3
"2016-11-21 03:40:58,663",4,4,105,4,40,40,True,LinearRegression,32,32,200,0,3,37,21,11
"2016-11-21 03:41:05,533",4,4,105,4,40,40,True,LinearRegression,32,32,200,0,9,30,11,26
"2016-11-21 03:41:11,989",4,4,105,4,40,40,True,LinearRegression,32,32,200,0,0,113,6,45
"2016-11-21 03:41:18,467",4,4,105,4,40,40,True,LinearRegression,32,32,200,0,20,12,28,4
"2016-11-21 03:41:24,665",4,4,105,4,40,40,True,LinearRegression,32,32,200,0,0,156,3,65
"2016-11-21 03:41:32,531",4,4,105,4,40,40,True,LinearRegression,32,32,200,0,13,28,17,21
"2016-11-21 03:41:39,165",4,4,105,4,40,40,True,LinearRegression,32,32,200,0,5,43,18,16
"2016-11-21 03:41:45,820",4,4,105,4,40,40,True,LinearRegression,32,32,200,0,5,35,23,10
"2016-11-21 03:41:52,414",4,4,105,4,40,40,True,LinearRegression,32,32,200,0,0,69,11,29
"2016-11-21 03:41:58,741",4,4,105,4,40,40,True,LinearRegression,32,32,200,0,0,66,8,32
"2016-11-21 03:42:06,069",4,4,105,4,40,40,True,LinearRegression,32,32,200,0,30,2,30,2
"2016-11-21 03:42:13,695",4,4,105,4,40,40,True,LinearRegression,32,32,200,0,0,142,6,50
"2016-11-21 03:42:19,780",4,4,105,4,40,40,True,LinearRegression,32,32,200,0,30,2,30,2
"2016-11-21 03:42:27,592",4,4,105,4,40,40,True,LinearRegression,32,32,200,0,22,12,23,12
"2016-11-21 03:42:34,089",4,4,105,4,40,40,True,LinearRegression,32,32,200,0,0,54,18,18
"2016-11-21 03:42:40,351",4,4,105,4,40,40,True,LinearRegression,32,32,200,0,27,5,29,3
"2016-11-21 03:42:46,738",4,4,105,4,40,40,True,LinearRegression,32,32,200,0,17,21,18,19
"2016-11-21 03:42:53,931",4,4,105,4,40,40,True,LinearRegression,32,32,200,0,30,2,30,2
"2016-11-21 03:43:01,335",4,4,105,4,40,40,True,LinearRegression,32,32,200,0,0,128,5,53
"2016-11-21 03:43:08,271",4,4,105,4,40,40,True,LinearRegression,32,32,200,0,26,6,27,5
"2016-11-21 03:43:14,697",4,4,105,4,40,40,True,LinearRegression,32,32,200,0,16,16,12,20
"2016-11-21 03:43:21,315",4,4,105,4,40,40,True,LinearRegression,32,32,200,0,26,6,26,6
"2016-11-21 03:43:28,141",4,4,105,4,40,40,True,LinearRegression,32,32,200,0,3,52,10,36
"2016-11-21 03:43:34,835",4,4,105,4,40,40,True,LinearRegression,32,32,200,0,30,2,30,2
"2016-11-21 03:43:41,683",4,4,105,4,40,40,True,LinearRegression,32,32,200,0,8,32,9,34
"2016-11-21 03:43:48,640",4,4,105,4,40,40,True,LinearRegression,32,32,200,0,29,3,29,3
"2016-11-21 03:43:55,575",4,4,105,4,40,40,True,LinearRegression,32,32,200,0,0,66,10,27
"2016-11-21 03:44:02,573",4,4,105,4,40,40,True,LinearRegression,32,32,200,0,12,23,17,20
"2016-11-21 03:44:09,219",4,4,105,4,40,40,True,LinearRegression,32,32,200,0,8,35,22,11
"2016-11-21 03:44:16,065",4,4,105,4,40,40,True,LinearRegression,32,32,200,1,32,0,32,0
"2016-11-21 03:44:22,668",4,4,105,4,40,40,True,LinearRegression,32,32,200,0,24,9,25,8
"2016-11-21 03:44:29,135",4,4,105,4,40,40,True,LinearRegression,32,32,200,0,0,123,6,47
"2016-11-21 03:44:35,799",4,4,105,4,40,40,True,LinearRegression,32,32,200,0,4,48,2,61
"2016-11-21 03:44:43,029",4,4,105,4,40,40,True,LinearRegression,32,32,200,0,12,26,11,26
"2016-11-21 03:44:50,361",4,4,105,4,40,40,True,LinearRegression,32,32,200,0,30,2,31,1
"2016-11-21 03:44:56,651",4,4,105,4,40,40,True,LinearRegression,32,32,200,0,0,106,9,29
"2016-11-21 03:45:03,269",4,4,105,4,40,40,True,LinearRegression,32,32,200,0,4,47,6,47
"2016-11-21 03:45:10,424",4,4,105,4,40,40,True,LinearRegression,32,32,200,0,0,91,9,29
"2016-11-21 03:45:17,538",4,4,105,4,40,40,True,LinearRegression,32,32,200,0,0,160,2,74
"2016-11-21 03:45:23,884",4,4,105,4,40,40,True,LinearRegression,32,32,200,1,16,16,32,0
"2016-11-21 03:45:30,026",4,4,105,4,40,40,True,LinearRegression,32,32,200,0,9,31,28,7
"2016-11-21 03:45:36,438",4,4,105,4,40,40,True,LinearRegression,32,32,200,1,32,0,32,0
"2016-11-21 03:45:43,766",4,4,105,4,40,40,True,LinearRegression,32,32,200,0,21,13,22,11
"2016-11-21 03:45:50,697",4,4,105,4,40,40,True,LinearRegression,32,32,200,0,5,48,27,5
"2016-11-21 03:45:57,382",4,4,105,4,40,40,True,LinearRegression,32,32,200,0,0,103,13,35
"2016-11-21 03:46:04,123",4,4,105,4,40,40,True,LinearRegression,32,32,200,0,24,8,29,3
"2016-11-21 03:46:10,211",4,4,105,4,40,40,True,LinearRegression,32,32,200,0,0,133,4,56
"2016-11-21 03:46:18,374",4,4,105,4,40,40,True,LinearRegression,32,32,200,0,0,73,18,17
"2016-11-21 03:46:25,286",4,4,105,4,40,40,True,LinearRegression,32,32,200,0,0,64,20,15
"2016-11-21 03:46:31,853",4,4,105,4,40,40,True,LinearRegression,32,32,200,0,6,32,14,20
"2016-11-21 03:46:38,755",4,4,105,4,40,40,True,LinearRegression,32,32,200,0,27,5,27,5
"2016-11-21 03:46:45,653",4,4,105,4,40,40,True,LinearRegression,32,32,200,0,0,93,10,36
"2016-11-21 03:46:52,120",4,4,105,4,40,40,True,LinearRegression,32,32,200,0,6,45,4,43
"2016-11-21 03:46:58,587",4,4,105,4,40,40,True,LinearRegression,32,32,200,0,6,38,14,19
"2016-11-21 03:47:05,623",4,4,105,4,40,40,True,LinearRegression,32,32,200,1,32,0,32,0
"2016-11-21 03:47:11,865",4,4,105,4,40,40,True,LinearRegression,32,32,200,0,8,32,8,33
"2016-11-21 03:47:18,483",4,4,105,4,40,40,True,LinearRegression,32,32,200,0,28,4,28,4
"2016-11-21 03:47:25,123",4,4,105,4,40,40,True,LinearRegression,32,32,200,0,18,14,30,2
